==========================
keypair cycles:
1020546
encaps cycles:
1033871
decaps cycles:
1098261
OK KEYS

+
keypair cycles:
1032317
encaps cycles:
1045671
decaps cycles:
1110061
OK KEYS

+
keypair cycles:
1019827
encaps cycles:
1033182
decaps cycles:
1097572
OK KEYS

+
keypair cycles:
1020312
encaps cycles:
1033660
decaps cycles:
1098050
OK KEYS

+
keypair cycles:
1020648
encaps cycles:
1034018
decaps cycles:
1098369
OK KEYS

+
keypair cycles:
1020923
encaps cycles:
1034291
decaps cycles:
1098681
OK KEYS

+
keypair cycles:
1031350
encaps cycles:
1044699
decaps cycles:
1109089
OK KEYS

+
keypair cycles:
1020754
encaps cycles:
1034089
decaps cycles:
1098479
OK KEYS

+
keypair cycles:
1020450
encaps cycles:
1033802
decaps cycles:
1098192
OK KEYS

+
keypair cycles:
1021312
encaps cycles:
1034632
decaps cycles:
1099022
OK KEYS

+
keypair cycles:
1021643
encaps cycles:
1035034
decaps cycles:
1099424
OK KEYS

+
keypair cycles:
1021224
encaps cycles:
1034575
decaps cycles:
1098965
OK KEYS

+
keypair cycles:
1031873
encaps cycles:
1045192
decaps cycles:
1109582
OK KEYS

+
keypair cycles:
1031771
encaps cycles:
1045159
decaps cycles:
1109586
OK KEYS

+
keypair cycles:
1021043
encaps cycles:
1034387
decaps cycles:
1098777
OK KEYS

+
keypair cycles:
1019867
encaps cycles:
1033240
decaps cycles:
1097630
OK KEYS

+
keypair cycles:
1020693
encaps cycles:
1034001
decaps cycles:
1098391
OK KEYS

+
keypair cycles:
1020508
encaps cycles:
1033884
decaps cycles:
1098274
OK KEYS

+
keypair cycles:
1021081
encaps cycles:
1034462
decaps cycles:
1098814
OK KEYS

+
keypair cycles:
1020625
encaps cycles:
1033930
decaps cycles:
1098320
OK KEYS

+
keypair cycles:
1032054
encaps cycles:
1045411
decaps cycles:
1109801
OK KEYS

+
keypair cycles:
1020383
encaps cycles:
1033727
decaps cycles:
1098117
OK KEYS

+
keypair cycles:
1020730
encaps cycles:
1034102
decaps cycles:
1098492
OK KEYS

+
keypair cycles:
1021071
encaps cycles:
1034336
decaps cycles:
1098726
OK KEYS

+
keypair cycles:
1020185
encaps cycles:
1033515
decaps cycles:
1097905
OK KEYS

+
keypair cycles:
1020228
encaps cycles:
1033553
decaps cycles:
1097943
OK KEYS

+
keypair cycles:
1020247
encaps cycles:
1033605
decaps cycles:
1097995
OK KEYS

+
keypair cycles:
1021091
encaps cycles:
1034430
decaps cycles:
1098859
OK KEYS

+
keypair cycles:
1020951
encaps cycles:
1034322
decaps cycles:
1098712
OK KEYS

+
keypair cycles:
1031849
encaps cycles:
1045206
decaps cycles:
1109596
OK KEYS

+
keypair cycles:
1020961
encaps cycles:
1034322
decaps cycles:
1098712
OK KEYS

+
keypair cycles:
1020574
encaps cycles:
1033940
decaps cycles:
1098330
OK KEYS

+
keypair cycles:
1020765
encaps cycles:
1034116
decaps cycles:
1098506
OK KEYS

+
keypair cycles:
1020684
encaps cycles:
1033976
decaps cycles:
1098366
OK KEYS

+
keypair cycles:
1020014
encaps cycles:
1033362
decaps cycles:
1097752
OK KEYS

+
keypair cycles:
1020473
encaps cycles:
1033806
decaps cycles:
1098196
OK KEYS

+
keypair cycles:
1020743
encaps cycles:
1034119
decaps cycles:
1098549
OK KEYS

+
keypair cycles:
1043662
encaps cycles:
1056992
decaps cycles:
1121382
OK KEYS

+
keypair cycles:
1020332
encaps cycles:
1033663
decaps cycles:
1098053
OK KEYS

+
keypair cycles:
1020587
encaps cycles:
1033926
decaps cycles:
1098316
OK KEYS

+
keypair cycles:
1021702
encaps cycles:
1035042
decaps cycles:
1099432
OK KEYS

+
keypair cycles:
1020171
encaps cycles:
1033529
decaps cycles:
1097879
OK KEYS

+
keypair cycles:
1021234
encaps cycles:
1034603
decaps cycles:
1098993
OK KEYS

+
keypair cycles:
1020118
encaps cycles:
1033505
decaps cycles:
1097895
OK KEYS

+
keypair cycles:
1020334
encaps cycles:
1033716
decaps cycles:
1098106
OK KEYS

+
keypair cycles:
1020693
encaps cycles:
1034012
decaps cycles:
1098402
OK KEYS

+
keypair cycles:
1021235
encaps cycles:
1034563
decaps cycles:
1098953
OK KEYS

+
keypair cycles:
1032192
encaps cycles:
1045522
decaps cycles:
1109912
OK KEYS

+
keypair cycles:
1020294
encaps cycles:
1033621
decaps cycles:
1098011
OK KEYS

+
keypair cycles:
1020191
encaps cycles:
1033538
decaps cycles:
1097928
OK KEYS

+
keypair cycles:
1019924
encaps cycles:
1033261
decaps cycles:
1097691
OK KEYS

+
keypair cycles:
1020539
encaps cycles:
1033905
decaps cycles:
1098295
OK KEYS

+
keypair cycles:
1021527
encaps cycles:
1034871
decaps cycles:
1099261
OK KEYS

+
keypair cycles:
1020375
encaps cycles:
1033694
decaps cycles:
1098084
OK KEYS

+
keypair cycles:
1020489
encaps cycles:
1033847
decaps cycles:
1098237
OK KEYS

+
keypair cycles:
1020643
encaps cycles:
1034034
decaps cycles:
1098388
OK KEYS

+
keypair cycles:
1020483
encaps cycles:
1033837
decaps cycles:
1098227
OK KEYS

+
keypair cycles:
1020844
encaps cycles:
1034190
decaps cycles:
1098580
OK KEYS

+
keypair cycles:
1021103
encaps cycles:
1034437
decaps cycles:
1098827
OK KEYS

+
keypair cycles:
1021053
encaps cycles:
1034389
decaps cycles:
1098779
OK KEYS

+
keypair cycles:
1032118
encaps cycles:
1045425
decaps cycles:
1109815
OK KEYS

+
keypair cycles:
1021129
encaps cycles:
1034486
decaps cycles:
1098876
OK KEYS

+
keypair cycles:
1031971
encaps cycles:
1045306
decaps cycles:
1109696
OK KEYS

+
keypair cycles:
1021495
encaps cycles:
1034847
decaps cycles:
1099237
OK KEYS

+
keypair cycles:
1021053
encaps cycles:
1034396
decaps cycles:
1098825
OK KEYS

+
keypair cycles:
1020254
encaps cycles:
1033618
decaps cycles:
1098008
OK KEYS

+
keypair cycles:
1021049
encaps cycles:
1034409
decaps cycles:
1098799
OK KEYS

+
keypair cycles:
1021411
encaps cycles:
1034764
decaps cycles:
1099154
OK KEYS

+
keypair cycles:
1020452
encaps cycles:
1033791
decaps cycles:
1098181
OK KEYS

+
keypair cycles:
1020938
encaps cycles:
1034225
decaps cycles:
1098615
OK KEYS

+
keypair cycles:
1020535
encaps cycles:
1033848
decaps cycles:
1098238
OK KEYS

+
keypair cycles:
1020417
encaps cycles:
1033791
decaps cycles:
1098181
OK KEYS

+
keypair cycles:
1020938
encaps cycles:
1034270
decaps cycles:
1098660
OK KEYS

+
keypair cycles:
1020278
encaps cycles:
1033625
decaps cycles:
1098053
OK KEYS

+
keypair cycles:
1020788
encaps cycles:
1034134
decaps cycles:
1098524
OK KEYS

+
keypair cycles:
1020106
encaps cycles:
1033446
decaps cycles:
1097836
OK KEYS

+
keypair cycles:
1020490
encaps cycles:
1033830
decaps cycles:
1098220
OK KEYS

+
keypair cycles:
1020706
encaps cycles:
1034072
decaps cycles:
1098462
OK KEYS

+
keypair cycles:
1021099
encaps cycles:
1034472
decaps cycles:
1098822
OK KEYS

+
keypair cycles:
1020677
encaps cycles:
1034047
decaps cycles:
1098437
OK KEYS

+
keypair cycles:
1020737
encaps cycles:
1034092
decaps cycles:
1098482
OK KEYS

+
keypair cycles:
1020944
encaps cycles:
1034321
decaps cycles:
1098711
OK KEYS

+
keypair cycles:
1020902
encaps cycles:
1034224
decaps cycles:
1098614
OK KEYS

+
keypair cycles:
1020866
encaps cycles:
1034186
decaps cycles:
1098576
OK KEYS

+
keypair cycles:
1020819
encaps cycles:
1034170
decaps cycles:
1098560
OK KEYS

+
keypair cycles:
1021111
encaps cycles:
1034475
decaps cycles:
1098865
OK KEYS

+
keypair cycles:
1020602
encaps cycles:
1033943
decaps cycles:
1098333
OK KEYS

+
keypair cycles:
1020374
encaps cycles:
1033741
decaps cycles:
1098169
OK KEYS

+
keypair cycles:
1020664
encaps cycles:
1034016
decaps cycles:
1098406
OK KEYS

+
keypair cycles:
1020330
encaps cycles:
1033671
decaps cycles:
1098061
OK KEYS

+
keypair cycles:
1032252
encaps cycles:
1045568
decaps cycles:
1109958
OK KEYS

+
keypair cycles:
1020617
encaps cycles:
1033967
decaps cycles:
1098357
OK KEYS

+
keypair cycles:
1020487
encaps cycles:
1033877
decaps cycles:
1098231
OK KEYS

+
keypair cycles:
1020113
encaps cycles:
1033446
decaps cycles:
1097836
OK KEYS

+
keypair cycles:
1020624
encaps cycles:
1033946
decaps cycles:
1098336
OK KEYS

+
keypair cycles:
1020693
encaps cycles:
1034067
decaps cycles:
1098457
OK KEYS

+
keypair cycles:
1020923
encaps cycles:
1034304
decaps cycles:
1098694
OK KEYS

+
keypair cycles:
1020593
encaps cycles:
1033896
decaps cycles:
1098286
OK KEYS

+
keypair cycles:
1020974
encaps cycles:
1034319
decaps cycles:
1098709
OK KEYS

+
keypair cycles:
1020989
encaps cycles:
1034335
decaps cycles:
1098725
OK KEYS

+
keypair cycles:
1021090
encaps cycles:
1034456
decaps cycles:
1098846
OK KEYS

+
keypair cycles:
1021357
encaps cycles:
1034666
decaps cycles:
1099096
OK KEYS

+
keypair cycles:
1020604
encaps cycles:
1033909
decaps cycles:
1098299
OK KEYS

+
keypair cycles:
1020577
encaps cycles:
1033929
decaps cycles:
1098319
OK KEYS

+
keypair cycles:
1031868
encaps cycles:
1045248
decaps cycles:
1109638
OK KEYS

+
keypair cycles:
1021095
encaps cycles:
1034432
decaps cycles:
1098822
OK KEYS

+
keypair cycles:
1020762
encaps cycles:
1034061
decaps cycles:
1098451
OK KEYS

+
keypair cycles:
1021173
encaps cycles:
1034507
decaps cycles:
1098897
OK KEYS

+
keypair cycles:
1020175
encaps cycles:
1033552
decaps cycles:
1097942
OK KEYS

+
keypair cycles:
1021444
encaps cycles:
1034805
decaps cycles:
1099195
OK KEYS

+
keypair cycles:
1021105
encaps cycles:
1034440
decaps cycles:
1098867
OK KEYS

+
keypair cycles:
1031737
encaps cycles:
1045070
decaps cycles:
1109460
OK KEYS

+
keypair cycles:
1020539
encaps cycles:
1033851
decaps cycles:
1098241
OK KEYS

+
keypair cycles:
1020746
encaps cycles:
1034095
decaps cycles:
1098485
OK KEYS

+
keypair cycles:
1021016
encaps cycles:
1034377
decaps cycles:
1098767
OK KEYS

+
keypair cycles:
1031664
encaps cycles:
1045042
decaps cycles:
1109395
OK KEYS

+
keypair cycles:
1020810
encaps cycles:
1034125
decaps cycles:
1098515
OK KEYS

+
keypair cycles:
1020800
encaps cycles:
1034145
decaps cycles:
1098535
OK KEYS

+
keypair cycles:
1020529
encaps cycles:
1033841
decaps cycles:
1098231
OK KEYS

+
keypair cycles:
1021588
encaps cycles:
1034969
decaps cycles:
1099359
OK KEYS

+
keypair cycles:
1020619
encaps cycles:
1033953
decaps cycles:
1098343
OK KEYS

+
keypair cycles:
1020815
encaps cycles:
1034168
decaps cycles:
1098558
OK KEYS

+
keypair cycles:
1031228
encaps cycles:
1044588
decaps cycles:
1108978
OK KEYS

+
keypair cycles:
1019853
encaps cycles:
1033192
decaps cycles:
1097582
OK KEYS

+
keypair cycles:
1021896
encaps cycles:
1035259
decaps cycles:
1099687
OK KEYS

+
keypair cycles:
1021442
encaps cycles:
1034811
decaps cycles:
1099201
OK KEYS

+
keypair cycles:
1020062
encaps cycles:
1033404
decaps cycles:
1097794
OK KEYS

+
keypair cycles:
1020375
encaps cycles:
1033728
decaps cycles:
1098118
OK KEYS

+
keypair cycles:
1020299
encaps cycles:
1033623
decaps cycles:
1098013
OK KEYS

+
keypair cycles:
1020054
encaps cycles:
1033439
decaps cycles:
1097791
OK KEYS

+
keypair cycles:
1020286
encaps cycles:
1033639
decaps cycles:
1098029
OK KEYS

+
keypair cycles:
1021070
encaps cycles:
1034397
decaps cycles:
1098787
OK KEYS

+
keypair cycles:
1020835
encaps cycles:
1034165
decaps cycles:
1098555
OK KEYS

+
keypair cycles:
1020109
encaps cycles:
1033439
decaps cycles:
1097829
OK KEYS

+
keypair cycles:
1020366
encaps cycles:
1033664
decaps cycles:
1098054
OK KEYS

+
keypair cycles:
1020744
encaps cycles:
1034090
decaps cycles:
1098480
OK KEYS

+
keypair cycles:
1021389
encaps cycles:
1034745
decaps cycles:
1099135
OK KEYS

+
keypair cycles:
1021070
encaps cycles:
1034413
decaps cycles:
1098803
OK KEYS

+
keypair cycles:
1020723
encaps cycles:
1034125
decaps cycles:
1098554
OK KEYS

+
keypair cycles:
1021530
encaps cycles:
1034903
decaps cycles:
1099293
OK KEYS

+
keypair cycles:
1020665
encaps cycles:
1033981
decaps cycles:
1098371
OK KEYS

+
keypair cycles:
1031657
encaps cycles:
1044985
decaps cycles:
1109375
OK KEYS

+
keypair cycles:
1020357
encaps cycles:
1033689
decaps cycles:
1098079
OK KEYS

+
keypair cycles:
1020600
encaps cycles:
1033924
decaps cycles:
1098314
OK KEYS

+
keypair cycles:
1020953
encaps cycles:
1034316
decaps cycles:
1098706
OK KEYS

+
keypair cycles:
1020385
encaps cycles:
1033733
decaps cycles:
1098123
OK KEYS

+
keypair cycles:
1020218
encaps cycles:
1033585
decaps cycles:
1097975
OK KEYS

+
keypair cycles:
1021251
encaps cycles:
1034617
decaps cycles:
1099044
OK KEYS

+
keypair cycles:
1020237
encaps cycles:
1033625
decaps cycles:
1098015
OK KEYS

+
keypair cycles:
1021479
encaps cycles:
1034836
decaps cycles:
1099226
OK KEYS

+
keypair cycles:
1021013
encaps cycles:
1034357
decaps cycles:
1098747
OK KEYS

+
keypair cycles:
1020503
encaps cycles:
1033864
decaps cycles:
1098254
OK KEYS

+
keypair cycles:
1020596
encaps cycles:
1033949
decaps cycles:
1098299
OK KEYS

+
keypair cycles:
1031848
encaps cycles:
1045178
decaps cycles:
1109568
OK KEYS

+
keypair cycles:
1021214
encaps cycles:
1034568
decaps cycles:
1098958
OK KEYS

+
keypair cycles:
1021312
encaps cycles:
1034654
decaps cycles:
1099044
OK KEYS

+
keypair cycles:
1020525
encaps cycles:
1033876
decaps cycles:
1098266
OK KEYS

+
keypair cycles:
1020652
encaps cycles:
1034004
decaps cycles:
1098394
OK KEYS

+
keypair cycles:
1020535
encaps cycles:
1033929
decaps cycles:
1098319
OK KEYS

+
keypair cycles:
1020684
encaps cycles:
1034031
decaps cycles:
1098421
OK KEYS

+
keypair cycles:
1020164
encaps cycles:
1033477
decaps cycles:
1097867
OK KEYS

+
keypair cycles:
1020693
encaps cycles:
1034064
decaps cycles:
1098494
OK KEYS

+
keypair cycles:
1020783
encaps cycles:
1034136
decaps cycles:
1098526
OK KEYS

+
keypair cycles:
1020702
encaps cycles:
1034097
decaps cycles:
1098487
OK KEYS

+
keypair cycles:
1019658
encaps cycles:
1033040
decaps cycles:
1097430
OK KEYS

+
keypair cycles:
1020650
encaps cycles:
1033995
decaps cycles:
1098385
OK KEYS

+
keypair cycles:
1021763
encaps cycles:
1035144
decaps cycles:
1099495
OK KEYS

+
keypair cycles:
1020644
encaps cycles:
1033962
decaps cycles:
1098352
OK KEYS

+
keypair cycles:
1032795
encaps cycles:
1046163
decaps cycles:
1110553
OK KEYS

+
keypair cycles:
1032650
encaps cycles:
1046022
decaps cycles:
1110412
OK KEYS

+
keypair cycles:
1021176
encaps cycles:
1034496
decaps cycles:
1098886
OK KEYS

+
keypair cycles:
1020102
encaps cycles:
1033407
decaps cycles:
1097797
OK KEYS

+
keypair cycles:
1020564
encaps cycles:
1033898
decaps cycles:
1098288
OK KEYS

+
keypair cycles:
1020965
encaps cycles:
1034326
decaps cycles:
1098716
OK KEYS

+
keypair cycles:
1021291
encaps cycles:
1034616
decaps cycles:
1099006
OK KEYS

+
keypair cycles:
1020918
encaps cycles:
1034263
decaps cycles:
1098653
OK KEYS

+
keypair cycles:
1021023
encaps cycles:
1034387
decaps cycles:
1098777
OK KEYS

+
keypair cycles:
1020217
encaps cycles:
1033560
decaps cycles:
1097950
OK KEYS

+
keypair cycles:
1020076
encaps cycles:
1033453
decaps cycles:
1097843
OK KEYS

+
keypair cycles:
1021293
encaps cycles:
1034634
decaps cycles:
1099024
OK KEYS

+
keypair cycles:
1020818
encaps cycles:
1034110
decaps cycles:
1098500
OK KEYS

+
keypair cycles:
1031985
encaps cycles:
1045306
decaps cycles:
1109696
OK KEYS

+
keypair cycles:
1020977
encaps cycles:
1034341
decaps cycles:
1098731
OK KEYS

+
keypair cycles:
1021271
encaps cycles:
1034586
decaps cycles:
1098976
OK KEYS

+
keypair cycles:
1020799
encaps cycles:
1034156
decaps cycles:
1098584
OK KEYS

+
keypair cycles:
1021135
encaps cycles:
1034440
decaps cycles:
1098830
OK KEYS

+
keypair cycles:
1021302
encaps cycles:
1034622
decaps cycles:
1099012
OK KEYS

+
keypair cycles:
1019918
encaps cycles:
1033256
decaps cycles:
1097646
OK KEYS

+
keypair cycles:
1020800
encaps cycles:
1034127
decaps cycles:
1098517
OK KEYS

+
keypair cycles:
1020508
encaps cycles:
1033882
decaps cycles:
1098234
OK KEYS

+
keypair cycles:
1021042
encaps cycles:
1034385
decaps cycles:
1098775
OK KEYS

+
keypair cycles:
1020644
encaps cycles:
1034014
decaps cycles:
1098404
OK KEYS

+
keypair cycles:
1021203
encaps cycles:
1034542
decaps cycles:
1098932
OK KEYS

+
keypair cycles:
1032279
encaps cycles:
1045592
decaps cycles:
1109982
OK KEYS

+
keypair cycles:
1032431
encaps cycles:
1045728
decaps cycles:
1110118
OK KEYS

+
keypair cycles:
1020727
encaps cycles:
1034079
decaps cycles:
1098469
OK KEYS

+
keypair cycles:
1020434
encaps cycles:
1033783
decaps cycles:
1098173
OK KEYS

+
keypair cycles:
1020532
encaps cycles:
1033867
decaps cycles:
1098257
OK KEYS

+
keypair cycles:
1020891
encaps cycles:
1034226
decaps cycles:
1098654
OK KEYS

+
keypair cycles:
1020647
encaps cycles:
1034000
decaps cycles:
1098390
OK KEYS

+
keypair cycles:
1031733
encaps cycles:
1045054
decaps cycles:
1109444
OK KEYS

+
keypair cycles:
1020496
encaps cycles:
1033839
decaps cycles:
1098229
OK KEYS

+
keypair cycles:
1020927
encaps cycles:
1034240
decaps cycles:
1098630
OK KEYS

+
keypair cycles:
1020982
encaps cycles:
1034383
decaps cycles:
1098733
OK KEYS

+
keypair cycles:
1020885
encaps cycles:
1034268
decaps cycles:
1098658
OK KEYS

+
keypair cycles:
1020482
encaps cycles:
1033825
decaps cycles:
1098215
OK KEYS

+
keypair cycles:
1020593
encaps cycles:
1033954
decaps cycles:
1098344
OK KEYS

+
keypair cycles:
1020903
encaps cycles:
1034258
decaps cycles:
1098648
OK KEYS

+
keypair cycles:
1021542
encaps cycles:
1034893
decaps cycles:
1099283
OK KEYS

+
keypair cycles:
1021425
encaps cycles:
1034757
decaps cycles:
1099147
OK KEYS

+
keypair cycles:
1020504
encaps cycles:
1033839
decaps cycles:
1098229
OK KEYS

+
keypair cycles:
1020912
encaps cycles:
1034243
decaps cycles:
1098633
OK KEYS

+
keypair cycles:
1020550
encaps cycles:
1033870
decaps cycles:
1098260
OK KEYS

+
keypair cycles:
1032696
encaps cycles:
1046066
decaps cycles:
1110456
OK KEYS

+
keypair cycles:
1021047
encaps cycles:
1034398
decaps cycles:
1098788
OK KEYS

+
keypair cycles:
1021427
encaps cycles:
1034746
decaps cycles:
1099136
OK KEYS

+
keypair cycles:
1020951
encaps cycles:
1034279
decaps cycles:
1098669
OK KEYS

+
keypair cycles:
1020215
encaps cycles:
1033529
decaps cycles:
1097919
OK KEYS

+
keypair cycles:
1020929
encaps cycles:
1034272
decaps cycles:
1098662
OK KEYS

+
keypair cycles:
1020306
encaps cycles:
1033653
decaps cycles:
1098043
OK KEYS

+
keypair cycles:
1020908
encaps cycles:
1034234
decaps cycles:
1098624
OK KEYS

+
keypair cycles:
1019870
encaps cycles:
1033221
decaps cycles:
1097649
OK KEYS

+
keypair cycles:
1021107
encaps cycles:
1034478
decaps cycles:
1098868
OK KEYS

+
keypair cycles:
1020167
encaps cycles:
1033522
decaps cycles:
1097912
OK KEYS

+
keypair cycles:
1021252
encaps cycles:
1034604
decaps cycles:
1098994
OK KEYS

+
keypair cycles:
1020784
encaps cycles:
1034148
decaps cycles:
1098538
OK KEYS

+
keypair cycles:
1020636
encaps cycles:
1034037
decaps cycles:
1098388
OK KEYS

+
keypair cycles:
1020054
encaps cycles:
1033406
decaps cycles:
1097796
OK KEYS

+
keypair cycles:
1020289
encaps cycles:
1033657
decaps cycles:
1098047
OK KEYS

+
keypair cycles:
1021106
encaps cycles:
1034435
decaps cycles:
1098825
OK KEYS

+
keypair cycles:
1032335
encaps cycles:
1045699
decaps cycles:
1110089
OK KEYS

+
keypair cycles:
1020635
encaps cycles:
1033964
decaps cycles:
1098354
OK KEYS

+
keypair cycles:
1020894
encaps cycles:
1034192
decaps cycles:
1098582
OK KEYS

+
keypair cycles:
1020526
encaps cycles:
1033867
decaps cycles:
1098257
OK KEYS

+
keypair cycles:
1020759
encaps cycles:
1034112
decaps cycles:
1098502
OK KEYS

+
keypair cycles:
1020704
encaps cycles:
1034043
decaps cycles:
1098471
OK KEYS

+
keypair cycles:
1020453
encaps cycles:
1033797
decaps cycles:
1098187
OK KEYS

+
keypair cycles:
1021324
encaps cycles:
1034682
decaps cycles:
1099072
OK KEYS

+
keypair cycles:
1021215
encaps cycles:
1034534
decaps cycles:
1098924
OK KEYS

+
keypair cycles:
1020551
encaps cycles:
1033904
decaps cycles:
1098294
OK KEYS

+
keypair cycles:
1020640
encaps cycles:
1034037
decaps cycles:
1098388
OK KEYS

+
keypair cycles:
1032114
encaps cycles:
1045473
decaps cycles:
1109863
OK KEYS

+
keypair cycles:
1032233
encaps cycles:
1045571
decaps cycles:
1109961
OK KEYS

+
keypair cycles:
1020020
encaps cycles:
1033364
decaps cycles:
1097754
OK KEYS

+
keypair cycles:
1020479
encaps cycles:
1033855
decaps cycles:
1098245
OK KEYS

+
keypair cycles:
1020705
encaps cycles:
1034058
decaps cycles:
1098448
OK KEYS

+
keypair cycles:
1021470
encaps cycles:
1034819
decaps cycles:
1099209
OK KEYS

+
keypair cycles:
1021536
encaps cycles:
1034875
decaps cycles:
1099265
OK KEYS

+
keypair cycles:
1021169
encaps cycles:
1034547
decaps cycles:
1098937
OK KEYS

+
keypair cycles:
1020290
encaps cycles:
1033624
decaps cycles:
1098014
OK KEYS

+
keypair cycles:
1031703
encaps cycles:
1045046
decaps cycles:
1109436
OK KEYS

+
keypair cycles:
1020392
encaps cycles:
1033756
decaps cycles:
1098146
OK KEYS

+
keypair cycles:
1031877
encaps cycles:
1045217
decaps cycles:
1109607
OK KEYS

+
keypair cycles:
1021244
encaps cycles:
1034590
decaps cycles:
1098980
OK KEYS

+
keypair cycles:
1021670
encaps cycles:
1034995
decaps cycles:
1099385
OK KEYS

+
keypair cycles:
1020547
encaps cycles:
1033887
decaps cycles:
1098277
OK KEYS

+
keypair cycles:
1031712
encaps cycles:
1045038
decaps cycles:
1109428
OK KEYS

+
keypair cycles:
1031807
encaps cycles:
1045158
decaps cycles:
1109548
OK KEYS

+
keypair cycles:
1020911
encaps cycles:
1034261
decaps cycles:
1098689
OK KEYS

+
keypair cycles:
1032043
encaps cycles:
1045400
decaps cycles:
1109790
OK KEYS

+
keypair cycles:
1020633
encaps cycles:
1033975
decaps cycles:
1098365
OK KEYS

+
keypair cycles:
1020119
encaps cycles:
1033412
decaps cycles:
1097802
OK KEYS

+
keypair cycles:
1020671
encaps cycles:
1034002
decaps cycles:
1098392
OK KEYS

+
keypair cycles:
1020545
encaps cycles:
1033940
decaps cycles:
1098292
OK KEYS

+
keypair cycles:
1020622
encaps cycles:
1033993
decaps cycles:
1098383
OK KEYS

+
keypair cycles:
1020630
encaps cycles:
1033957
decaps cycles:
1098347
OK KEYS

+
keypair cycles:
1020271
encaps cycles:
1033610
decaps cycles:
1098000
OK KEYS

+
keypair cycles:
1020849
encaps cycles:
1034209
decaps cycles:
1098599
OK KEYS

+
keypair cycles:
1021094
encaps cycles:
1034424
decaps cycles:
1098814
OK KEYS

+
keypair cycles:
1031845
encaps cycles:
1045230
decaps cycles:
1109620
OK KEYS

+
keypair cycles:
1020529
encaps cycles:
1033867
decaps cycles:
1098257
OK KEYS

+
keypair cycles:
1020247
encaps cycles:
1033595
decaps cycles:
1097985
OK KEYS

+
keypair cycles:
1020787
encaps cycles:
1034174
decaps cycles:
1098602
OK KEYS

+
keypair cycles:
1020111
encaps cycles:
1033456
decaps cycles:
1097846
OK KEYS

+
keypair cycles:
1020761
encaps cycles:
1034111
decaps cycles:
1098501
OK KEYS

+
keypair cycles:
1021011
encaps cycles:
1034357
decaps cycles:
1098747
OK KEYS

+
keypair cycles:
1020247
encaps cycles:
1033589
decaps cycles:
1097979
OK KEYS

+
keypair cycles:
1021411
encaps cycles:
1034774
decaps cycles:
1099126
OK KEYS

+
keypair cycles:
1020483
encaps cycles:
1033838
decaps cycles:
1098228
OK KEYS

+
keypair cycles:
1020436
encaps cycles:
1033765
decaps cycles:
1098155
OK KEYS

+
keypair cycles:
1020901
encaps cycles:
1034256
decaps cycles:
1098646
OK KEYS

+
keypair cycles:
1021062
encaps cycles:
1034445
decaps cycles:
1098835
OK KEYS

+
keypair cycles:
1020597
encaps cycles:
1033925
decaps cycles:
1098315
OK KEYS

+
keypair cycles:
1020067
encaps cycles:
1033405
decaps cycles:
1097795
OK KEYS

+
keypair cycles:
1031465
encaps cycles:
1044807
decaps cycles:
1109197
OK KEYS

+
keypair cycles:
1021135
encaps cycles:
1034461
decaps cycles:
1098851
OK KEYS

+
keypair cycles:
1021422
encaps cycles:
1034808
decaps cycles:
1099159
OK KEYS

+
keypair cycles:
1020952
encaps cycles:
1034294
decaps cycles:
1098684
OK KEYS

+
keypair cycles:
1031472
encaps cycles:
1044795
decaps cycles:
1109185
OK KEYS

+
keypair cycles:
1020332
encaps cycles:
1033693
decaps cycles:
1098083
OK KEYS

+
keypair cycles:
1021080
encaps cycles:
1034452
decaps cycles:
1098842
OK KEYS

+
keypair cycles:
1031430
encaps cycles:
1044753
decaps cycles:
1109143
OK KEYS

+
keypair cycles:
1020728
encaps cycles:
1034090
decaps cycles:
1098480
OK KEYS

+
keypair cycles:
1020844
encaps cycles:
1034197
decaps cycles:
1098587
OK KEYS

+
keypair cycles:
1019944
encaps cycles:
1033286
decaps cycles:
1097676
OK KEYS

+
keypair cycles:
1020731
encaps cycles:
1034075
decaps cycles:
1098502
OK KEYS

+
keypair cycles:
1020734
encaps cycles:
1034105
decaps cycles:
1098495
OK KEYS

+
keypair cycles:
1020101
encaps cycles:
1033421
decaps cycles:
1097811
OK KEYS

+
keypair cycles:
1043612
encaps cycles:
1056933
decaps cycles:
1121323
OK KEYS

+
keypair cycles:
1020647
encaps cycles:
1033966
decaps cycles:
1098356
OK KEYS

+
keypair cycles:
1032771
encaps cycles:
1046162
decaps cycles:
1110515
OK KEYS

+
keypair cycles:
1021051
encaps cycles:
1034346
decaps cycles:
1098736
OK KEYS

+
keypair cycles:
1020696
encaps cycles:
1034033
decaps cycles:
1098423
OK KEYS

+
keypair cycles:
1031826
encaps cycles:
1045207
decaps cycles:
1109597
OK KEYS

+
keypair cycles:
1020539
encaps cycles:
1033871
decaps cycles:
1098261
OK KEYS

+
keypair cycles:
1020860
encaps cycles:
1034176
decaps cycles:
1098566
OK KEYS

+
keypair cycles:
1020660
encaps cycles:
1034010
decaps cycles:
1098400
OK KEYS

+
keypair cycles:
1021278
encaps cycles:
1034632
decaps cycles:
1099022
OK KEYS

+
keypair cycles:
1020992
encaps cycles:
1034320
decaps cycles:
1098710
OK KEYS

+
keypair cycles:
1020083
encaps cycles:
1033438
decaps cycles:
1097866
OK KEYS

+
keypair cycles:
1020460
encaps cycles:
1033824
decaps cycles:
1098214
OK KEYS

+
keypair cycles:
1020951
encaps cycles:
1034287
decaps cycles:
1098677
OK KEYS

+
keypair cycles:
1020749
encaps cycles:
1034075
decaps cycles:
1098465
OK KEYS

+
keypair cycles:
1020126
encaps cycles:
1033440
decaps cycles:
1097830
OK KEYS

+
keypair cycles:
1020614
encaps cycles:
1033903
decaps cycles:
1098293
OK KEYS

+
keypair cycles:
1020480
encaps cycles:
1033784
decaps cycles:
1098174
OK KEYS

+
keypair cycles:
1020583
encaps cycles:
1033939
decaps cycles:
1098329
OK KEYS

+
keypair cycles:
1020928
encaps cycles:
1034255
decaps cycles:
1098645
OK KEYS

+
keypair cycles:
1020687
encaps cycles:
1034049
decaps cycles:
1098477
OK KEYS

+
keypair cycles:
1021869
encaps cycles:
1035181
decaps cycles:
1099571
OK KEYS

+
keypair cycles:
1020181
encaps cycles:
1033548
decaps cycles:
1097938
OK KEYS

+
keypair cycles:
1020447
encaps cycles:
1033818
decaps cycles:
1098208
OK KEYS

+
keypair cycles:
1043351
encaps cycles:
1056685
decaps cycles:
1121075
OK KEYS

+
keypair cycles:
1032209
encaps cycles:
1045614
decaps cycles:
1109965
OK KEYS

+
keypair cycles:
1020931
encaps cycles:
1034325
decaps cycles:
1098715
OK KEYS

+
keypair cycles:
1020645
encaps cycles:
1033961
decaps cycles:
1098351
OK KEYS

+
keypair cycles:
1020144
encaps cycles:
1033490
decaps cycles:
1097880
OK KEYS

+
keypair cycles:
1032217
encaps cycles:
1045573
decaps cycles:
1109963
OK KEYS

+
keypair cycles:
1020888
encaps cycles:
1034191
decaps cycles:
1098581
OK KEYS

+
keypair cycles:
1021096
encaps cycles:
1034448
decaps cycles:
1098838
OK KEYS

+
keypair cycles:
1020935
encaps cycles:
1034301
decaps cycles:
1098691
OK KEYS

+
keypair cycles:
1020879
encaps cycles:
1034168
decaps cycles:
1098558
OK KEYS

+
keypair cycles:
1020337
encaps cycles:
1033716
decaps cycles:
1098146
OK KEYS

+
keypair cycles:
1020479
encaps cycles:
1033877
decaps cycles:
1098267
OK KEYS

+
keypair cycles:
1020035
encaps cycles:
1033332
decaps cycles:
1097722
OK KEYS

+
keypair cycles:
1020716
encaps cycles:
1034054
decaps cycles:
1098444
OK KEYS

+
keypair cycles:
1021025
encaps cycles:
1034379
decaps cycles:
1098769
OK KEYS

+
keypair cycles:
1020529
encaps cycles:
1033932
decaps cycles:
1098284
OK KEYS

+
keypair cycles:
1020824
encaps cycles:
1034163
decaps cycles:
1098553
OK KEYS

+
keypair cycles:
1021327
encaps cycles:
1034686
decaps cycles:
1099076
OK KEYS

+
keypair cycles:
1020826
encaps cycles:
1034181
decaps cycles:
1098571
OK KEYS

+
keypair cycles:
1021039
encaps cycles:
1034427
decaps cycles:
1098817
OK KEYS

+
keypair cycles:
1021047
encaps cycles:
1034368
decaps cycles:
1098758
OK KEYS

+
keypair cycles:
1021261
encaps cycles:
1034607
decaps cycles:
1098997
OK KEYS

+
keypair cycles:
1031898
encaps cycles:
1045276
decaps cycles:
1109666
OK KEYS

+
keypair cycles:
1020955
encaps cycles:
1034312
decaps cycles:
1098702
OK KEYS

+
keypair cycles:
1021043
encaps cycles:
1034380
decaps cycles:
1098770
OK KEYS

+
keypair cycles:
1020881
encaps cycles:
1034239
decaps cycles:
1098629
OK KEYS

+
keypair cycles:
1020916
encaps cycles:
1034260
decaps cycles:
1098650
OK KEYS

+
keypair cycles:
1031618
encaps cycles:
1044956
decaps cycles:
1109346
OK KEYS

+
keypair cycles:
1032174
encaps cycles:
1045522
decaps cycles:
1109912
OK KEYS

+
keypair cycles:
1021100
encaps cycles:
1034397
decaps cycles:
1098787
OK KEYS

+
keypair cycles:
1032288
encaps cycles:
1045633
decaps cycles:
1110023
OK KEYS

+
keypair cycles:
1020133
encaps cycles:
1033455
decaps cycles:
1097845
OK KEYS

+
keypair cycles:
1021137
encaps cycles:
1034485
decaps cycles:
1098875
OK KEYS

+
keypair cycles:
1031634
encaps cycles:
1044999
decaps cycles:
1109427
OK KEYS

+
==========================
keypair cycles:
1021113
encaps cycles:
1034493
decaps cycles:
1098883
OK KEYS

+
keypair cycles:
1020836
encaps cycles:
1034187
decaps cycles:
1098577
OK KEYS

+
keypair cycles:
1020578
encaps cycles:
1033935
decaps cycles:
1098325
OK KEYS

+
keypair cycles:
1020685
encaps cycles:
1034034
decaps cycles:
1098424
OK KEYS

+
keypair cycles:
1020546
encaps cycles:
1033928
decaps cycles:
1098280
OK KEYS

+
keypair cycles:
1020498
encaps cycles:
1033864
decaps cycles:
1098254
OK KEYS

+
keypair cycles:
1020831
encaps cycles:
1034164
decaps cycles:
1098554
OK KEYS

+
keypair cycles:
1020279
encaps cycles:
1033616
decaps cycles:
1098006
OK KEYS

+
keypair cycles:
1020152
encaps cycles:
1033464
decaps cycles:
1097854
OK KEYS

+
keypair cycles:
1020885
encaps cycles:
1034189
decaps cycles:
1098579
OK KEYS

+
keypair cycles:
1020485
encaps cycles:
1033833
decaps cycles:
1098223
OK KEYS

+
keypair cycles:
1032696
encaps cycles:
1046045
decaps cycles:
1110435
OK KEYS

+
keypair cycles:
1020994
encaps cycles:
1034343
decaps cycles:
1098733
OK KEYS

+
keypair cycles:
1032491
encaps cycles:
1045857
decaps cycles:
1110285
OK KEYS

+
keypair cycles:
1020718
encaps cycles:
1034079
decaps cycles:
1098469
OK KEYS

+
keypair cycles:
1020788
encaps cycles:
1034107
decaps cycles:
1098497
OK KEYS

+
keypair cycles:
1021308
encaps cycles:
1034648
decaps cycles:
1099038
OK KEYS

+
keypair cycles:
1020569
encaps cycles:
1033934
decaps cycles:
1098324
OK KEYS

+
keypair cycles:
1032325
encaps cycles:
1045694
decaps cycles:
1110046
OK KEYS

+
keypair cycles:
1021470
encaps cycles:
1034826
decaps cycles:
1099216
OK KEYS

+
keypair cycles:
1020128
encaps cycles:
1033482
decaps cycles:
1097872
OK KEYS

+
keypair cycles:
1020605
encaps cycles:
1033896
decaps cycles:
1098286
OK KEYS

+
keypair cycles:
1020890
encaps cycles:
1034253
decaps cycles:
1098643
OK KEYS

+
keypair cycles:
1021157
encaps cycles:
1034431
decaps cycles:
1098821
OK KEYS

+
keypair cycles:
1020941
encaps cycles:
1034256
decaps cycles:
1098646
OK KEYS

+
keypair cycles:
1020428
encaps cycles:
1033769
decaps cycles:
1098159
OK KEYS

+
keypair cycles:
1019772
encaps cycles:
1033107
decaps cycles:
1097497
OK KEYS

+
keypair cycles:
1020633
encaps cycles:
1033964
decaps cycles:
1098390
OK KEYS

+
keypair cycles:
1020845
encaps cycles:
1034200
decaps cycles:
1098590
OK KEYS

+
keypair cycles:
1021234
encaps cycles:
1034579
decaps cycles:
1098969
OK KEYS

+
keypair cycles:
1021334
encaps cycles:
1034643
decaps cycles:
1099033
OK KEYS

+
keypair cycles:
1021249
encaps cycles:
1034614
decaps cycles:
1099004
OK KEYS

+
keypair cycles:
1021429
encaps cycles:
1034830
decaps cycles:
1099182
OK KEYS

+
keypair cycles:
1020394
encaps cycles:
1033744
decaps cycles:
1098134
OK KEYS

+
keypair cycles:
1021240
encaps cycles:
1034575
decaps cycles:
1098965
OK KEYS

+
keypair cycles:
1020720
encaps cycles:
1034053
decaps cycles:
1098443
OK KEYS

+
keypair cycles:
1020068
encaps cycles:
1033401
decaps cycles:
1097791
OK KEYS

+
keypair cycles:
1021256
encaps cycles:
1034591
decaps cycles:
1098981
OK KEYS

+
keypair cycles:
1031625
encaps cycles:
1044943
decaps cycles:
1109333
OK KEYS

+
keypair cycles:
1020538
encaps cycles:
1033887
decaps cycles:
1098277
OK KEYS

+
keypair cycles:
1020688
encaps cycles:
1034040
decaps cycles:
1098430
OK KEYS

+
keypair cycles:
1020805
encaps cycles:
1034189
decaps cycles:
1098540
OK KEYS

+
keypair cycles:
1020409
encaps cycles:
1033721
decaps cycles:
1098111
OK KEYS

+
keypair cycles:
1021439
encaps cycles:
1034772
decaps cycles:
1099162
OK KEYS

+
keypair cycles:
1020549
encaps cycles:
1033911
decaps cycles:
1098301
OK KEYS

+
keypair cycles:
1031147
encaps cycles:
1044478
decaps cycles:
1108868
OK KEYS

+
keypair cycles:
1020001
encaps cycles:
1033330
decaps cycles:
1097720
OK KEYS

+
keypair cycles:
1020426
encaps cycles:
1033777
decaps cycles:
1098167
OK KEYS

+
keypair cycles:
1021276
encaps cycles:
1034619
decaps cycles:
1099009
OK KEYS

+
keypair cycles:
1021061
encaps cycles:
1034425
decaps cycles:
1098815
OK KEYS

+
keypair cycles:
1020655
encaps cycles:
1033992
decaps cycles:
1098422
OK KEYS

+
keypair cycles:
1020286
encaps cycles:
1033651
decaps cycles:
1098041
OK KEYS

+
keypair cycles:
1020571
encaps cycles:
1033907
decaps cycles:
1098297
OK KEYS

+
keypair cycles:
1020311
encaps cycles:
1033687
decaps cycles:
1098077
OK KEYS

+
keypair cycles:
1020901
encaps cycles:
1034246
decaps cycles:
1098636
OK KEYS

+
keypair cycles:
1020275
encaps cycles:
1033681
decaps cycles:
1098031
OK KEYS

+
keypair cycles:
1020540
encaps cycles:
1033923
decaps cycles:
1098313
OK KEYS

+
keypair cycles:
1020374
encaps cycles:
1033739
decaps cycles:
1098129
OK KEYS

+
keypair cycles:
1031575
encaps cycles:
1044886
decaps cycles:
1109276
OK KEYS

+
keypair cycles:
1020390
encaps cycles:
1033732
decaps cycles:
1098122
OK KEYS

+
keypair cycles:
1020892
encaps cycles:
1034187
decaps cycles:
1098577
OK KEYS

+
keypair cycles:
1021493
encaps cycles:
1034811
decaps cycles:
1099201
OK KEYS

+
keypair cycles:
1020595
encaps cycles:
1033943
decaps cycles:
1098333
OK KEYS

+
keypair cycles:
1020217
encaps cycles:
1033548
decaps cycles:
1097938
OK KEYS

+
keypair cycles:
1021073
encaps cycles:
1034432
decaps cycles:
1098860
OK KEYS

+
keypair cycles:
1020042
encaps cycles:
1033381
decaps cycles:
1097771
OK KEYS

+
keypair cycles:
1020443
encaps cycles:
1033803
decaps cycles:
1098193
OK KEYS

+
keypair cycles:
1020178
encaps cycles:
1033579
decaps cycles:
1097969
OK KEYS

+
keypair cycles:
1020702
encaps cycles:
1034043
decaps cycles:
1098433
OK KEYS

+
keypair cycles:
1020249
encaps cycles:
1033625
decaps cycles:
1097978
OK KEYS

+
keypair cycles:
1020607
encaps cycles:
1033968
decaps cycles:
1098358
OK KEYS

+
keypair cycles:
1020756
encaps cycles:
1034105
decaps cycles:
1098495
OK KEYS

+
keypair cycles:
1031700
encaps cycles:
1045006
decaps cycles:
1109396
OK KEYS

+
keypair cycles:
1020377
encaps cycles:
1033703
decaps cycles:
1098130
OK KEYS

+
keypair cycles:
1020165
encaps cycles:
1033524
decaps cycles:
1097914
OK KEYS

+
keypair cycles:
1020501
encaps cycles:
1033861
decaps cycles:
1098251
OK KEYS

+
keypair cycles:
1032364
encaps cycles:
1045695
decaps cycles:
1110085
OK KEYS

+
keypair cycles:
1020673
encaps cycles:
1034020
decaps cycles:
1098410
OK KEYS

+
keypair cycles:
1020886
encaps cycles:
1034289
decaps cycles:
1098640
OK KEYS

+
keypair cycles:
1020585
encaps cycles:
1033932
decaps cycles:
1098322
OK KEYS

+
keypair cycles:
1020518
encaps cycles:
1033856
decaps cycles:
1098246
OK KEYS

+
keypair cycles:
1021445
encaps cycles:
1034771
decaps cycles:
1099161
OK KEYS

+
keypair cycles:
1020369
encaps cycles:
1033723
decaps cycles:
1098113
OK KEYS

+
keypair cycles:
1020595
encaps cycles:
1033883
decaps cycles:
1098273
OK KEYS

+
keypair cycles:
1020317
encaps cycles:
1033682
decaps cycles:
1098072
OK KEYS

+
keypair cycles:
1021282
encaps cycles:
1034603
decaps cycles:
1098993
OK KEYS

+
keypair cycles:
1020373
encaps cycles:
1033661
decaps cycles:
1098051
OK KEYS

+
keypair cycles:
1020654
encaps cycles:
1034034
decaps cycles:
1098461
OK KEYS

+
keypair cycles:
1020753
encaps cycles:
1034115
decaps cycles:
1098505
OK KEYS

+
keypair cycles:
1020844
encaps cycles:
1034212
decaps cycles:
1098602
OK KEYS

+
keypair cycles:
1020446
encaps cycles:
1033793
decaps cycles:
1098183
OK KEYS

+
keypair cycles:
1020425
encaps cycles:
1033738
decaps cycles:
1098128
OK KEYS

+
keypair cycles:
1020641
encaps cycles:
1034019
decaps cycles:
1098371
OK KEYS

+
keypair cycles:
1021019
encaps cycles:
1034374
decaps cycles:
1098764
OK KEYS

+
keypair cycles:
1020674
encaps cycles:
1034020
decaps cycles:
1098410
OK KEYS

+
keypair cycles:
1020429
encaps cycles:
1033771
decaps cycles:
1098161
OK KEYS

+
keypair cycles:
1021307
encaps cycles:
1034642
decaps cycles:
1099032
OK KEYS

+
keypair cycles:
1020515
encaps cycles:
1033858
decaps cycles:
1098248
OK KEYS

+
keypair cycles:
1020821
encaps cycles:
1034191
decaps cycles:
1098581
OK KEYS

+
keypair cycles:
1031567
encaps cycles:
1044942
decaps cycles:
1109332
OK KEYS

+
keypair cycles:
1042846
encaps cycles:
1056198
decaps cycles:
1120588
OK KEYS

+
keypair cycles:
1020445
encaps cycles:
1033769
decaps cycles:
1098198
OK KEYS

+
keypair cycles:
1021046
encaps cycles:
1034373
decaps cycles:
1098763
OK KEYS

+
keypair cycles:
1020722
encaps cycles:
1034094
decaps cycles:
1098484
OK KEYS

+
keypair cycles:
1020834
encaps cycles:
1034190
decaps cycles:
1098580
OK KEYS

+
keypair cycles:
1020603
encaps cycles:
1033942
decaps cycles:
1098332
OK KEYS

+
keypair cycles:
1020435
encaps cycles:
1033783
decaps cycles:
1098173
OK KEYS

+
keypair cycles:
1032606
encaps cycles:
1045960
decaps cycles:
1110350
OK KEYS

+
keypair cycles:
1021066
encaps cycles:
1034404
decaps cycles:
1098794
OK KEYS

+
keypair cycles:
1020215
encaps cycles:
1033558
decaps cycles:
1097948
OK KEYS

+
keypair cycles:
1032302
encaps cycles:
1045662
decaps cycles:
1110092
OK KEYS

+
keypair cycles:
1021345
encaps cycles:
1034723
decaps cycles:
1099113
OK KEYS

+
keypair cycles:
1021080
encaps cycles:
1034392
decaps cycles:
1098782
OK KEYS

+
keypair cycles:
1021036
encaps cycles:
1034405
decaps cycles:
1098795
OK KEYS

+
keypair cycles:
1021152
encaps cycles:
1034479
decaps cycles:
1098869
OK KEYS

+
keypair cycles:
1021107
encaps cycles:
1034511
decaps cycles:
1098862
OK KEYS

+
keypair cycles:
1020223
encaps cycles:
1033583
decaps cycles:
1097973
OK KEYS

+
keypair cycles:
1020232
encaps cycles:
1033590
decaps cycles:
1097980
OK KEYS

+
keypair cycles:
1020902
encaps cycles:
1034241
decaps cycles:
1098631
OK KEYS

+
keypair cycles:
1020602
encaps cycles:
1033936
decaps cycles:
1098326
OK KEYS

+
keypair cycles:
1031622
encaps cycles:
1044932
decaps cycles:
1109322
OK KEYS

+
keypair cycles:
1020514
encaps cycles:
1033870
decaps cycles:
1098260
OK KEYS

+
keypair cycles:
1020585
encaps cycles:
1033937
decaps cycles:
1098327
OK KEYS

+
keypair cycles:
1020715
encaps cycles:
1034079
decaps cycles:
1098469
OK KEYS

+
keypair cycles:
1020271
encaps cycles:
1033639
decaps cycles:
1098067
OK KEYS

+
keypair cycles:
1021571
encaps cycles:
1034926
decaps cycles:
1099316
OK KEYS

+
keypair cycles:
1020994
encaps cycles:
1034350
decaps cycles:
1098740
OK KEYS

+
keypair cycles:
1020140
encaps cycles:
1033494
decaps cycles:
1097884
OK KEYS

+
keypair cycles:
1043663
encaps cycles:
1056976
decaps cycles:
1121366
OK KEYS

+
keypair cycles:
1020546
encaps cycles:
1033951
decaps cycles:
1098304
OK KEYS

+
keypair cycles:
1019743
encaps cycles:
1033088
decaps cycles:
1097478
OK KEYS

+
keypair cycles:
1020708
encaps cycles:
1034029
decaps cycles:
1098419
OK KEYS

+
keypair cycles:
1020749
encaps cycles:
1034060
decaps cycles:
1098450
OK KEYS

+
keypair cycles:
1020926
encaps cycles:
1034236
decaps cycles:
1098626
OK KEYS

+
keypair cycles:
1020735
encaps cycles:
1034041
decaps cycles:
1098431
OK KEYS

+
keypair cycles:
1020582
encaps cycles:
1033897
decaps cycles:
1098287
OK KEYS

+
keypair cycles:
1020414
encaps cycles:
1033759
decaps cycles:
1098149
OK KEYS

+
keypair cycles:
1020183
encaps cycles:
1033526
decaps cycles:
1097916
OK KEYS

+
keypair cycles:
1020077
encaps cycles:
1033406
decaps cycles:
1097834
OK KEYS

+
keypair cycles:
1021235
encaps cycles:
1034570
decaps cycles:
1098960
OK KEYS

+
keypair cycles:
1021184
encaps cycles:
1034579
decaps cycles:
1098969
OK KEYS

+
keypair cycles:
1020581
encaps cycles:
1033921
decaps cycles:
1098311
OK KEYS

+
keypair cycles:
1020424
encaps cycles:
1033803
decaps cycles:
1098193
OK KEYS

+
keypair cycles:
1020349
encaps cycles:
1033708
decaps cycles:
1098098
OK KEYS

+
keypair cycles:
1020579
encaps cycles:
1033937
decaps cycles:
1098327
OK KEYS

+
keypair cycles:
1020734
encaps cycles:
1034121
decaps cycles:
1098511
OK KEYS

+
keypair cycles:
1020362
encaps cycles:
1033707
decaps cycles:
1098097
OK KEYS

+
keypair cycles:
1020422
encaps cycles:
1033768
decaps cycles:
1098198
OK KEYS

+
keypair cycles:
1021569
encaps cycles:
1034905
decaps cycles:
1099295
OK KEYS

+
keypair cycles:
1021169
encaps cycles:
1034527
decaps cycles:
1098917
OK KEYS

+
keypair cycles:
1020566
encaps cycles:
1033907
decaps cycles:
1098297
OK KEYS

+
keypair cycles:
1020409
encaps cycles:
1033788
decaps cycles:
1098178
OK KEYS

+
keypair cycles:
1020833
encaps cycles:
1034182
decaps cycles:
1098533
OK KEYS

+
keypair cycles:
1020098
encaps cycles:
1033440
decaps cycles:
1097830
OK KEYS

+
keypair cycles:
1020555
encaps cycles:
1033889
decaps cycles:
1098279
OK KEYS

+
keypair cycles:
1021352
encaps cycles:
1034695
decaps cycles:
1099085
OK KEYS

+
keypair cycles:
1031749
encaps cycles:
1045083
decaps cycles:
1109473
OK KEYS

+
keypair cycles:
1020942
encaps cycles:
1034217
decaps cycles:
1098607
OK KEYS

+
keypair cycles:
1032101
encaps cycles:
1045471
decaps cycles:
1109861
OK KEYS

+
keypair cycles:
1032911
encaps cycles:
1046280
decaps cycles:
1110670
OK KEYS

+
keypair cycles:
1031878
encaps cycles:
1045198
decaps cycles:
1109588
OK KEYS

+
keypair cycles:
1020723
encaps cycles:
1034094
decaps cycles:
1098522
OK KEYS

+
keypair cycles:
1020277
encaps cycles:
1033629
decaps cycles:
1098019
OK KEYS

+
keypair cycles:
1019968
encaps cycles:
1033327
decaps cycles:
1097717
OK KEYS

+
keypair cycles:
1021096
encaps cycles:
1034421
decaps cycles:
1098811
OK KEYS

+
keypair cycles:
1020610
encaps cycles:
1033954
decaps cycles:
1098344
OK KEYS

+
keypair cycles:
1020789
encaps cycles:
1034185
decaps cycles:
1098538
OK KEYS

+
keypair cycles:
1021175
encaps cycles:
1034513
decaps cycles:
1098903
OK KEYS

+
keypair cycles:
1032797
encaps cycles:
1046140
decaps cycles:
1110530
OK KEYS

+
keypair cycles:
1020611
encaps cycles:
1033913
decaps cycles:
1098303
OK KEYS

+
keypair cycles:
1019818
encaps cycles:
1033199
decaps cycles:
1097589
OK KEYS

+
keypair cycles:
1020821
encaps cycles:
1034160
decaps cycles:
1098550
OK KEYS

+
keypair cycles:
1021441
encaps cycles:
1034787
decaps cycles:
1099177
OK KEYS

+
keypair cycles:
1020643
encaps cycles:
1034000
decaps cycles:
1098390
OK KEYS

+
keypair cycles:
1021076
encaps cycles:
1034435
decaps cycles:
1098825
OK KEYS

+
keypair cycles:
1021030
encaps cycles:
1034366
decaps cycles:
1098756
OK KEYS

+
keypair cycles:
1020564
encaps cycles:
1033925
decaps cycles:
1098315
OK KEYS

+
keypair cycles:
1020550
encaps cycles:
1033891
decaps cycles:
1098281
OK KEYS

+
keypair cycles:
1020415
encaps cycles:
1033774
decaps cycles:
1098164
OK KEYS

+
keypair cycles:
1021028
encaps cycles:
1034363
decaps cycles:
1098753
OK KEYS

+
keypair cycles:
1021335
encaps cycles:
1034638
decaps cycles:
1099028
OK KEYS

+
keypair cycles:
1021013
encaps cycles:
1034391
decaps cycles:
1098781
OK KEYS

+
keypair cycles:
1021176
encaps cycles:
1034533
decaps cycles:
1098923
OK KEYS

+
keypair cycles:
1020330
encaps cycles:
1033697
decaps cycles:
1098087
OK KEYS

+
keypair cycles:
1020413
encaps cycles:
1033771
decaps cycles:
1098199
OK KEYS

+
keypair cycles:
1043464
encaps cycles:
1056796
decaps cycles:
1121186
OK KEYS

+
keypair cycles:
1020938
encaps cycles:
1034293
decaps cycles:
1098683
OK KEYS

+
keypair cycles:
1032146
encaps cycles:
1045536
decaps cycles:
1109926
OK KEYS

+
keypair cycles:
1020250
encaps cycles:
1033654
decaps cycles:
1098044
OK KEYS

+
keypair cycles:
1032253
encaps cycles:
1045621
decaps cycles:
1109973
OK KEYS

+
keypair cycles:
1021419
encaps cycles:
1034769
decaps cycles:
1099159
OK KEYS

+
keypair cycles:
1020764
encaps cycles:
1034128
decaps cycles:
1098518
OK KEYS

+
keypair cycles:
1021526
encaps cycles:
1034866
decaps cycles:
1099256
OK KEYS

+
keypair cycles:
1020391
encaps cycles:
1033739
decaps cycles:
1098129
OK KEYS

+
keypair cycles:
1019885
encaps cycles:
1033191
decaps cycles:
1097581
OK KEYS

+
keypair cycles:
1020716
encaps cycles:
1034087
decaps cycles:
1098477
OK KEYS

+
keypair cycles:
1021821
encaps cycles:
1035121
decaps cycles:
1099511
OK KEYS

+
keypair cycles:
1020726
encaps cycles:
1034083
decaps cycles:
1098473
OK KEYS

+
keypair cycles:
1031740
encaps cycles:
1045110
decaps cycles:
1109537
OK KEYS

+
keypair cycles:
1020330
encaps cycles:
1033654
decaps cycles:
1098044
OK KEYS

+
keypair cycles:
1021293
encaps cycles:
1034633
decaps cycles:
1099023
OK KEYS

+
keypair cycles:
1032023
encaps cycles:
1045375
decaps cycles:
1109765
OK KEYS

+
keypair cycles:
1020353
encaps cycles:
1033712
decaps cycles:
1098102
OK KEYS

+
keypair cycles:
1019917
encaps cycles:
1033264
decaps cycles:
1097616
OK KEYS

+
keypair cycles:
1020221
encaps cycles:
1033570
decaps cycles:
1097960
OK KEYS

+
keypair cycles:
1021106
encaps cycles:
1034470
decaps cycles:
1098860
OK KEYS

+
keypair cycles:
1020417
encaps cycles:
1033771
decaps cycles:
1098161
OK KEYS

+
keypair cycles:
1020508
encaps cycles:
1033867
decaps cycles:
1098257
OK KEYS

+
keypair cycles:
1020231
encaps cycles:
1033547
decaps cycles:
1097937
OK KEYS

+
keypair cycles:
1020381
encaps cycles:
1033760
decaps cycles:
1098150
OK KEYS

+
keypair cycles:
1032397
encaps cycles:
1045772
decaps cycles:
1110162
OK KEYS

+
keypair cycles:
1020656
encaps cycles:
1033977
decaps cycles:
1098367
OK KEYS

+
keypair cycles:
1021255
encaps cycles:
1034647
decaps cycles:
1098998
OK KEYS

+
keypair cycles:
1021167
encaps cycles:
1034521
decaps cycles:
1098911
OK KEYS

+
keypair cycles:
1021374
encaps cycles:
1034705
decaps cycles:
1099095
OK KEYS

+
keypair cycles:
1032032
encaps cycles:
1045374
decaps cycles:
1109764
OK KEYS

+
keypair cycles:
1020242
encaps cycles:
1033600
decaps cycles:
1097990
OK KEYS

+
keypair cycles:
1020539
encaps cycles:
1033824
decaps cycles:
1098214
OK KEYS

+
keypair cycles:
1021036
encaps cycles:
1034373
decaps cycles:
1098763
OK KEYS

+
keypair cycles:
1042387
encaps cycles:
1055720
decaps cycles:
1120110
OK KEYS

+
keypair cycles:
1020040
encaps cycles:
1033393
decaps cycles:
1097783
OK KEYS

+
keypair cycles:
1022176
encaps cycles:
1035545
decaps cycles:
1099975
OK KEYS

+
keypair cycles:
1020483
encaps cycles:
1033822
decaps cycles:
1098212
OK KEYS

+
keypair cycles:
1020087
encaps cycles:
1033443
decaps cycles:
1097833
OK KEYS

+
keypair cycles:
1020654
encaps cycles:
1034007
decaps cycles:
1098397
OK KEYS

+
keypair cycles:
1020186
encaps cycles:
1033535
decaps cycles:
1097925
OK KEYS

+
keypair cycles:
1021247
encaps cycles:
1034652
decaps cycles:
1099005
OK KEYS

+
keypair cycles:
1021200
encaps cycles:
1034513
decaps cycles:
1098903
OK KEYS

+
keypair cycles:
1020776
encaps cycles:
1034082
decaps cycles:
1098472
OK KEYS

+
keypair cycles:
1021005
encaps cycles:
1034353
decaps cycles:
1098743
OK KEYS

+
keypair cycles:
1031601
encaps cycles:
1044902
decaps cycles:
1109292
OK KEYS

+
keypair cycles:
1032453
encaps cycles:
1045754
decaps cycles:
1110144
OK KEYS

+
keypair cycles:
1021067
encaps cycles:
1034442
decaps cycles:
1098832
OK KEYS

+
keypair cycles:
1019360
encaps cycles:
1032689
decaps cycles:
1097079
OK KEYS

+
keypair cycles:
1021157
encaps cycles:
1034527
decaps cycles:
1098917
OK KEYS

+
keypair cycles:
1020479
encaps cycles:
1033818
decaps cycles:
1098245
OK KEYS

+
keypair cycles:
1020789
encaps cycles:
1034164
decaps cycles:
1098554
OK KEYS

+
keypair cycles:
1019715
encaps cycles:
1033071
decaps cycles:
1097461
OK KEYS

+
keypair cycles:
1021076
encaps cycles:
1034429
decaps cycles:
1098819
OK KEYS

+
keypair cycles:
1021019
encaps cycles:
1034354
decaps cycles:
1098744
OK KEYS

+
keypair cycles:
1020427
encaps cycles:
1033802
decaps cycles:
1098192
OK KEYS

+
keypair cycles:
1021118
encaps cycles:
1034476
decaps cycles:
1098866
OK KEYS

+
keypair cycles:
1019706
encaps cycles:
1033051
decaps cycles:
1097441
OK KEYS

+
keypair cycles:
1021032
encaps cycles:
1034393
decaps cycles:
1098783
OK KEYS

+
keypair cycles:
1032783
encaps cycles:
1046143
decaps cycles:
1110571
OK KEYS

+
keypair cycles:
1020135
encaps cycles:
1033475
decaps cycles:
1097865
OK KEYS

+
keypair cycles:
1021206
encaps cycles:
1034549
decaps cycles:
1098939
OK KEYS

+
keypair cycles:
1021655
encaps cycles:
1035019
decaps cycles:
1099409
OK KEYS

+
keypair cycles:
1021369
encaps cycles:
1034701
decaps cycles:
1099091
OK KEYS

+
keypair cycles:
1019819
encaps cycles:
1033219
decaps cycles:
1097571
OK KEYS

+
keypair cycles:
1021081
encaps cycles:
1034398
decaps cycles:
1098788
OK KEYS

+
keypair cycles:
1021762
encaps cycles:
1035103
decaps cycles:
1099493
OK KEYS

+
keypair cycles:
1020965
encaps cycles:
1034307
decaps cycles:
1098697
OK KEYS

+
keypair cycles:
1019910
encaps cycles:
1033280
decaps cycles:
1097670
OK KEYS

+
keypair cycles:
1019888
encaps cycles:
1033174
decaps cycles:
1097564
OK KEYS

+
keypair cycles:
1031370
encaps cycles:
1044720
decaps cycles:
1109110
OK KEYS

+
keypair cycles:
1020426
encaps cycles:
1033731
decaps cycles:
1098121
OK KEYS

+
keypair cycles:
1020730
encaps cycles:
1034041
decaps cycles:
1098431
OK KEYS

+
keypair cycles:
1021120
encaps cycles:
1034484
decaps cycles:
1098913
OK KEYS

+
keypair cycles:
1020631
encaps cycles:
1033976
decaps cycles:
1098366
OK KEYS

+
keypair cycles:
1021002
encaps cycles:
1034381
decaps cycles:
1098771
OK KEYS

+
keypair cycles:
1021249
encaps cycles:
1034629
decaps cycles:
1099019
OK KEYS

+
keypair cycles:
1020403
encaps cycles:
1033791
decaps cycles:
1098181
OK KEYS

+
keypair cycles:
1020438
encaps cycles:
1033850
decaps cycles:
1098202
OK KEYS

+
keypair cycles:
1043594
encaps cycles:
1056943
decaps cycles:
1121333
OK KEYS

+
keypair cycles:
1021783
encaps cycles:
1035115
decaps cycles:
1099505
OK KEYS

+
keypair cycles:
1021386
encaps cycles:
1034767
decaps cycles:
1099157
OK KEYS

+
keypair cycles:
1020090
encaps cycles:
1033433
decaps cycles:
1097823
OK KEYS

+
keypair cycles:
1021091
encaps cycles:
1034376
decaps cycles:
1098766
OK KEYS

+
keypair cycles:
1020541
encaps cycles:
1033923
decaps cycles:
1098313
OK KEYS

+
keypair cycles:
1020004
encaps cycles:
1033311
decaps cycles:
1097701
OK KEYS

+
keypair cycles:
1021425
encaps cycles:
1034767
decaps cycles:
1099157
OK KEYS

+
keypair cycles:
1020812
encaps cycles:
1034171
decaps cycles:
1098599
OK KEYS

+
keypair cycles:
1020690
encaps cycles:
1034034
decaps cycles:
1098424
OK KEYS

+
keypair cycles:
1032123
encaps cycles:
1045514
decaps cycles:
1109904
OK KEYS

+
keypair cycles:
1020027
encaps cycles:
1033347
decaps cycles:
1097737
OK KEYS

+
keypair cycles:
1020978
encaps cycles:
1034333
decaps cycles:
1098723
OK KEYS

+
keypair cycles:
1020128
encaps cycles:
1033477
decaps cycles:
1097867
OK KEYS

+
keypair cycles:
1020607
encaps cycles:
1033932
decaps cycles:
1098322
OK KEYS

+
keypair cycles:
1020786
encaps cycles:
1034163
decaps cycles:
1098553
OK KEYS

+
keypair cycles:
1020046
encaps cycles:
1033346
decaps cycles:
1097736
OK KEYS

+
keypair cycles:
1020359
encaps cycles:
1033722
decaps cycles:
1098152
OK KEYS

+
keypair cycles:
1019803
encaps cycles:
1033137
decaps cycles:
1097527
OK KEYS

+
keypair cycles:
1020836
encaps cycles:
1034200
decaps cycles:
1098590
OK KEYS

+
keypair cycles:
1020396
encaps cycles:
1033739
decaps cycles:
1098129
OK KEYS

+
keypair cycles:
1020901
encaps cycles:
1034240
decaps cycles:
1098630
OK KEYS

+
keypair cycles:
1021015
encaps cycles:
1034359
decaps cycles:
1098711
OK KEYS

+
keypair cycles:
1020345
encaps cycles:
1033695
decaps cycles:
1098085
OK KEYS

+
keypair cycles:
1020698
encaps cycles:
1034041
decaps cycles:
1098431
OK KEYS

+
keypair cycles:
1020891
encaps cycles:
1034250
decaps cycles:
1098640
OK KEYS

+
keypair cycles:
1020991
encaps cycles:
1034338
decaps cycles:
1098728
OK KEYS

+
keypair cycles:
1020224
encaps cycles:
1033514
decaps cycles:
1097904
OK KEYS

+
keypair cycles:
1021348
encaps cycles:
1034715
decaps cycles:
1099105
OK KEYS

+
keypair cycles:
1020837
encaps cycles:
1034164
decaps cycles:
1098554
OK KEYS

+
keypair cycles:
1020515
encaps cycles:
1033869
decaps cycles:
1098259
OK KEYS

+
keypair cycles:
1031153
encaps cycles:
1044466
decaps cycles:
1108894
OK KEYS

+
keypair cycles:
1020946
encaps cycles:
1034313
decaps cycles:
1098703
OK KEYS

+
keypair cycles:
1020851
encaps cycles:
1034184
decaps cycles:
1098574
OK KEYS

+
keypair cycles:
1020478
encaps cycles:
1033800
decaps cycles:
1098190
OK KEYS

+
keypair cycles:
1020772
encaps cycles:
1034105
decaps cycles:
1098495
OK KEYS

+
keypair cycles:
1020227
encaps cycles:
1033606
decaps cycles:
1097960
OK KEYS

+
keypair cycles:
1031913
encaps cycles:
1045269
decaps cycles:
1109659
OK KEYS

+
keypair cycles:
1020900
encaps cycles:
1034266
decaps cycles:
1098656
OK KEYS

+
keypair cycles:
1021100
encaps cycles:
1034434
decaps cycles:
1098824
OK KEYS

+
keypair cycles:
1021189
encaps cycles:
1034545
decaps cycles:
1098935
OK KEYS

+
keypair cycles:
1020591
encaps cycles:
1033895
decaps cycles:
1098285
OK KEYS

+
keypair cycles:
1020646
encaps cycles:
1033986
decaps cycles:
1098376
OK KEYS

+
keypair cycles:
1020568
encaps cycles:
1033925
decaps cycles:
1098315
OK KEYS

+
keypair cycles:
1020772
encaps cycles:
1034124
decaps cycles:
1098514
OK KEYS

+
keypair cycles:
1020279
encaps cycles:
1033562
decaps cycles:
1097993
OK KEYS

+
keypair cycles:
1021323
encaps cycles:
1034668
decaps cycles:
1099058
OK KEYS

+
keypair cycles:
1020123
encaps cycles:
1033453
decaps cycles:
1097843
OK KEYS

+
keypair cycles:
1021023
encaps cycles:
1034384
decaps cycles:
1098774
OK KEYS

+
keypair cycles:
1020626
encaps cycles:
1033964
decaps cycles:
1098354
OK KEYS

+
keypair cycles:
1021153
encaps cycles:
1034526
decaps cycles:
1098916
OK KEYS

+
keypair cycles:
1032467
encaps cycles:
1045823
decaps cycles:
1110213
OK KEYS

+
keypair cycles:
1020290
encaps cycles:
1033662
decaps cycles:
1098052
OK KEYS

+
keypair cycles:
1020236
encaps cycles:
1033590
decaps cycles:
1097980
OK KEYS

+
keypair cycles:
1021041
encaps cycles:
1034409
decaps cycles:
1098837
OK KEYS

+
keypair cycles:
1020631
encaps cycles:
1033952
decaps cycles:
1098342
OK KEYS

+
keypair cycles:
1021960
encaps cycles:
1035313
decaps cycles:
1099703
OK KEYS

+
keypair cycles:
1020925
encaps cycles:
1034256
decaps cycles:
1098646
OK KEYS

+
keypair cycles:
1020274
encaps cycles:
1033645
decaps cycles:
1098035
OK KEYS

+
keypair cycles:
1032478
encaps cycles:
1045874
decaps cycles:
1110224
OK KEYS

+
keypair cycles:
1020914
encaps cycles:
1034297
decaps cycles:
1098687
OK KEYS

+
keypair cycles:
1031115
encaps cycles:
1044473
decaps cycles:
1108863
OK KEYS

+
keypair cycles:
1020342
encaps cycles:
1033674
decaps cycles:
1098064
OK KEYS

+
keypair cycles:
1020549
encaps cycles:
1033882
decaps cycles:
1098272
OK KEYS

+
keypair cycles:
1021031
encaps cycles:
1034342
decaps cycles:
1098732
OK KEYS

+
keypair cycles:
1019909
encaps cycles:
1033237
decaps cycles:
1097627
OK KEYS

+
keypair cycles:
1020062
encaps cycles:
1033422
decaps cycles:
1097812
OK KEYS

+
keypair cycles:
1020122
encaps cycles:
1033469
decaps cycles:
1097859
OK KEYS

+
keypair cycles:
1021057
encaps cycles:
1034450
decaps cycles:
1098880
OK KEYS

+
keypair cycles:
1020438
encaps cycles:
1033790
decaps cycles:
1098180
OK KEYS

+
keypair cycles:
1020837
encaps cycles:
1034194
decaps cycles:
1098584
OK KEYS

+
keypair cycles:
1021481
encaps cycles:
1034868
decaps cycles:
1099258
OK KEYS

+
keypair cycles:
1020505
encaps cycles:
1033813
decaps cycles:
1098203
OK KEYS

+
keypair cycles:
1020358
encaps cycles:
1033730
decaps cycles:
1098081
OK KEYS

+
keypair cycles:
1020358
encaps cycles:
1033705
decaps cycles:
1098095
OK KEYS

+
keypair cycles:
1020250
encaps cycles:
1033588
decaps cycles:
1097978
OK KEYS

+
keypair cycles:
1032177
encaps cycles:
1045494
decaps cycles:
1109884
OK KEYS

+
keypair cycles:
1020746
encaps cycles:
1034091
decaps cycles:
1098481
OK KEYS

+
keypair cycles:
1021045
encaps cycles:
1034343
decaps cycles:
1098733
OK KEYS

+
keypair cycles:
1019922
encaps cycles:
1033303
decaps cycles:
1097693
OK KEYS

+
keypair cycles:
1021212
encaps cycles:
1034572
decaps cycles:
1098962
OK KEYS

+
keypair cycles:
1021146
encaps cycles:
1034491
decaps cycles:
1098881
OK KEYS

+
keypair cycles:
1032746
encaps cycles:
1046067
decaps cycles:
1110495
OK KEYS

+
keypair cycles:
1020911
encaps cycles:
1034287
decaps cycles:
1098677
OK KEYS

+
keypair cycles:
1020461
encaps cycles:
1033848
decaps cycles:
1098238
OK KEYS

+
keypair cycles:
1020741
encaps cycles:
1034130
decaps cycles:
1098520
OK KEYS

+
keypair cycles:
1032071
encaps cycles:
1045418
decaps cycles:
1109808
OK KEYS

+
keypair cycles:
1020165
encaps cycles:
1033498
decaps cycles:
1097888
OK KEYS

+
keypair cycles:
1020648
encaps cycles:
1033989
decaps cycles:
1098379
OK KEYS

+
keypair cycles:
1021017
encaps cycles:
1034348
decaps cycles:
1098738
OK KEYS

+
keypair cycles:
1032129
encaps cycles:
1045494
decaps cycles:
1109884
OK KEYS

+
keypair cycles:
1032610
encaps cycles:
1045912
decaps cycles:
1110339
OK KEYS

+
keypair cycles:
1020337
encaps cycles:
1033672
decaps cycles:
1098062
OK KEYS

+
keypair cycles:
1020643
encaps cycles:
1033965
decaps cycles:
1098355
OK KEYS

+
keypair cycles:
1020110
encaps cycles:
1033503
decaps cycles:
1097893
OK KEYS

+
keypair cycles:
1020552
encaps cycles:
1033895
decaps cycles:
1098285
OK KEYS

+
keypair cycles:
1020736
encaps cycles:
1034180
decaps cycles:
1098530
OK KEYS

+
keypair cycles:
1020893
encaps cycles:
1034192
decaps cycles:
1098582
OK KEYS

+
keypair cycles:
1020725
encaps cycles:
1034072
decaps cycles:
1098462
OK KEYS

+
keypair cycles:
1020622
encaps cycles:
1033924
decaps cycles:
1098314
OK KEYS

+
keypair cycles:
1021073
encaps cycles:
1034416
decaps cycles:
1098806
OK KEYS

+
keypair cycles:
1020190
encaps cycles:
1033494
decaps cycles:
1097884
OK KEYS

+
keypair cycles:
1020791
encaps cycles:
1034170
decaps cycles:
1098560
OK KEYS

+
keypair cycles:
1020784
encaps cycles:
1034146
decaps cycles:
1098536
OK KEYS

+
keypair cycles:
1020983
encaps cycles:
1034325
decaps cycles:
1098715
OK KEYS

+
keypair cycles:
1021645
encaps cycles:
1035018
decaps cycles:
1099446
OK KEYS

+
keypair cycles:
1020804
encaps cycles:
1034178
decaps cycles:
1098568
OK KEYS

+
keypair cycles:
1020464
encaps cycles:
1033811
decaps cycles:
1098201
OK KEYS

+
keypair cycles:
1020700
encaps cycles:
1034050
decaps cycles:
1098440
OK KEYS

+
keypair cycles:
1021231
encaps cycles:
1034578
decaps cycles:
1098968
OK KEYS

+
keypair cycles:
1020625
encaps cycles:
1034013
decaps cycles:
1098365
OK KEYS

+
keypair cycles:
1021202
encaps cycles:
1034555
decaps cycles:
1098945
OK KEYS

+
keypair cycles:
1020586
encaps cycles:
1033970
decaps cycles:
1098360
OK KEYS

+
keypair cycles:
1020806
encaps cycles:
1034145
decaps cycles:
1098535
OK KEYS

+
keypair cycles:
1021504
encaps cycles:
1034826
decaps cycles:
1099216
OK KEYS

+
keypair cycles:
1020527
encaps cycles:
1033842
decaps cycles:
1098232
OK KEYS

+
keypair cycles:
1020838
encaps cycles:
1034176
decaps cycles:
1098566
OK KEYS

+
keypair cycles:
1020532
encaps cycles:
1033857
decaps cycles:
1098247
OK KEYS

+
keypair cycles:
1020503
encaps cycles:
1033817
decaps cycles:
1098207
OK KEYS

+
keypair cycles:
1020030
encaps cycles:
1033399
decaps cycles:
1097829
OK KEYS

+
keypair cycles:
1019974
encaps cycles:
1033320
decaps cycles:
1097710
OK KEYS

+
keypair cycles:
1020947
encaps cycles:
1034265
decaps cycles:
1098655
OK KEYS

+
keypair cycles:
1020544
encaps cycles:
1033877
decaps cycles:
1098267
OK KEYS

+
keypair cycles:
1020782
encaps cycles:
1034086
decaps cycles:
1098476
OK KEYS

+
keypair cycles:
1021217
encaps cycles:
1034508
decaps cycles:
1098898
OK KEYS

+
keypair cycles:
1020348
encaps cycles:
1033720
decaps cycles:
1098110
OK KEYS

+
keypair cycles:
1020570
encaps cycles:
1033895
decaps cycles:
1098285
OK KEYS

+
keypair cycles:
1020984
encaps cycles:
1034333
decaps cycles:
1098723
OK KEYS

+
keypair cycles:
1020879
encaps cycles:
1034192
decaps cycles:
1098620
OK KEYS

+
keypair cycles:
1020596
encaps cycles:
1033918
decaps cycles:
1098308
OK KEYS

+
keypair cycles:
1020597
encaps cycles:
1033903
decaps cycles:
1098293
OK KEYS

+
keypair cycles:
1031715
encaps cycles:
1045063
decaps cycles:
1109453
OK KEYS

+
keypair cycles:
1032180
encaps cycles:
1045543
decaps cycles:
1109933
OK KEYS

+
keypair cycles:
1021042
encaps cycles:
1034448
decaps cycles:
1098798
OK KEYS

+
keypair cycles:
1020708
encaps cycles:
1034022
decaps cycles:
1098412
OK KEYS

+
keypair cycles:
1020586
encaps cycles:
1033944
decaps cycles:
1098334
OK KEYS

+
keypair cycles:
1020597
encaps cycles:
1033950
decaps cycles:
1098340
OK KEYS

+
keypair cycles:
1021129
encaps cycles:
1034433
decaps cycles:
1098823
OK KEYS

+
keypair cycles:
1020360
encaps cycles:
1033711
decaps cycles:
1098101
OK KEYS

+
keypair cycles:
1021401
encaps cycles:
1034738
decaps cycles:
1099128
OK KEYS

+
keypair cycles:
1032255
encaps cycles:
1045601
decaps cycles:
1109991
OK KEYS

+
keypair cycles:
1020245
encaps cycles:
1033602
decaps cycles:
1097992
OK KEYS

+
keypair cycles:
1032148
encaps cycles:
1045511
decaps cycles:
1109941
OK KEYS

+
keypair cycles:
1020209
encaps cycles:
1033585
decaps cycles:
1097975
OK KEYS

+
keypair cycles:
1031275
encaps cycles:
1044592
decaps cycles:
1108982
OK KEYS

+
keypair cycles:
1020896
encaps cycles:
1034181
decaps cycles:
1098571
OK KEYS

+
keypair cycles:
1020318
encaps cycles:
1033609
decaps cycles:
1097999
OK KEYS

+
keypair cycles:
1020070
encaps cycles:
1033461
decaps cycles:
1097813
OK KEYS

+
keypair cycles:
1031330
encaps cycles:
1044695
decaps cycles:
1109085
OK KEYS

+
keypair cycles:
1021392
encaps cycles:
1034747
decaps cycles:
1099137
OK KEYS

+
keypair cycles:
1019861
encaps cycles:
1033186
decaps cycles:
1097576
OK KEYS

+
keypair cycles:
1020826
encaps cycles:
1034108
decaps cycles:
1098498
OK KEYS

+
keypair cycles:
1020833
encaps cycles:
1034168
decaps cycles:
1098558
OK KEYS

+
keypair cycles:
1019891
encaps cycles:
1033238
decaps cycles:
1097628
OK KEYS

+
keypair cycles:
1019410
encaps cycles:
1032749
decaps cycles:
1097139
OK KEYS

+
keypair cycles:
1021327
encaps cycles:
1034703
decaps cycles:
1099093
OK KEYS

+
keypair cycles:
1020522
encaps cycles:
1033856
decaps cycles:
1098246
OK KEYS

+
keypair cycles:
1020339
encaps cycles:
1033684
decaps cycles:
1098074
OK KEYS

+
keypair cycles:
1020208
encaps cycles:
1033603
decaps cycles:
1097993
OK KEYS

+
keypair cycles:
1020882
encaps cycles:
1034190
decaps cycles:
1098580
OK KEYS

+
keypair cycles:
1021475
encaps cycles:
1034792
decaps cycles:
1099182
OK KEYS

+
keypair cycles:
1020695
encaps cycles:
1033971
decaps cycles:
1098361
OK KEYS

+
keypair cycles:
1032053
encaps cycles:
1045410
decaps cycles:
1109800
OK KEYS

+
keypair cycles:
1021086
encaps cycles:
1034436
decaps cycles:
1098826
OK KEYS

+
keypair cycles:
1020228
encaps cycles:
1033591
decaps cycles:
1097981
OK KEYS

+
keypair cycles:
1032508
encaps cycles:
1045895
decaps cycles:
1110325
OK KEYS

+
keypair cycles:
1020079
encaps cycles:
1033447
decaps cycles:
1097837
OK KEYS

+
keypair cycles:
1032400
encaps cycles:
1045734
decaps cycles:
1110124
OK KEYS

+
keypair cycles:
1020572
encaps cycles:
1033919
decaps cycles:
1098309
OK KEYS

+
keypair cycles:
1020010
encaps cycles:
1033355
decaps cycles:
1097745
OK KEYS

+
keypair cycles:
1021026
encaps cycles:
1034413
decaps cycles:
1098765
OK KEYS

+
keypair cycles:
1020873
encaps cycles:
1034211
decaps cycles:
1098601
OK KEYS

+
keypair cycles:
1020574
encaps cycles:
1033940
decaps cycles:
1098330
OK KEYS

+
keypair cycles:
1021306
encaps cycles:
1034673
decaps cycles:
1099063
OK KEYS

+
keypair cycles:
1020764
encaps cycles:
1034145
decaps cycles:
1098535
OK KEYS

+
keypair cycles:
1020864
encaps cycles:
1034178
decaps cycles:
1098568
OK KEYS

+
keypair cycles:
1020930
encaps cycles:
1034260
decaps cycles:
1098650
OK KEYS

+
keypair cycles:
1020425
encaps cycles:
1033771
decaps cycles:
1098161
OK KEYS

+
keypair cycles:
1021281
encaps cycles:
1034609
decaps cycles:
1098999
OK KEYS

+
keypair cycles:
1020172
encaps cycles:
1033504
decaps cycles:
1097931
OK KEYS

+
keypair cycles:
1020586
encaps cycles:
1033933
decaps cycles:
1098323
OK KEYS

+
keypair cycles:
1020707
encaps cycles:
1034014
decaps cycles:
1098404
OK KEYS

+
keypair cycles:
1021478
encaps cycles:
1034864
decaps cycles:
1099254
OK KEYS

+
keypair cycles:
1019918
encaps cycles:
1033301
decaps cycles:
1097691
OK KEYS

+
keypair cycles:
1032458
encaps cycles:
1045849
decaps cycles:
1110199
OK KEYS

+
keypair cycles:
1020772
encaps cycles:
1034127
decaps cycles:
1098517
OK KEYS

+
keypair cycles:
1020675
encaps cycles:
1034040
decaps cycles:
1098430
OK KEYS

+
keypair cycles:
1020710
encaps cycles:
1034053
decaps cycles:
1098443
OK KEYS

+
keypair cycles:
1021333
encaps cycles:
1034674
decaps cycles:
1099064
OK KEYS

+
keypair cycles:
1021366
encaps cycles:
1034669
decaps cycles:
1099059
OK KEYS

+
keypair cycles:
1020561
encaps cycles:
1033891
decaps cycles:
1098281
OK KEYS

+
keypair cycles:
1020305
encaps cycles:
1033654
decaps cycles:
1098044
OK KEYS

+
keypair cycles:
1021309
encaps cycles:
1034649
decaps cycles:
1099039
OK KEYS

+
keypair cycles:
1032113
encaps cycles:
1045499
decaps cycles:
1109851
OK KEYS

+
keypair cycles:
1022537
encaps cycles:
1035872
decaps cycles:
1100262
OK KEYS

+
keypair cycles:
1020625
encaps cycles:
1033979
decaps cycles:
1098369
OK KEYS

+
keypair cycles:
1020729
encaps cycles:
1034065
decaps cycles:
1098455
OK KEYS

+
keypair cycles:
1020570
encaps cycles:
1033904
decaps cycles:
1098294
OK KEYS

+
keypair cycles:
1020502
encaps cycles:
1033831
decaps cycles:
1098221
OK KEYS

+
keypair cycles:
1020354
encaps cycles:
1033687
decaps cycles:
1098077
OK KEYS

+
keypair cycles:
1020576
encaps cycles:
1033903
decaps cycles:
1098293
OK KEYS

+
keypair cycles:
1031321
encaps cycles:
1044678
decaps cycles:
1109068
OK KEYS

+
keypair cycles:
1020432
encaps cycles:
1033812
decaps cycles:
1098240
OK KEYS

+
keypair cycles:
1031831
encaps cycles:
1045163
decaps cycles:
1109553
OK KEYS

+
keypair cycles:
1021077
encaps cycles:
1034429
decaps cycles:
1098819
OK KEYS

+
keypair cycles:
1020752
encaps cycles:
1034109
decaps cycles:
1098499
OK KEYS

+
keypair cycles:
1020608
encaps cycles:
1033909
decaps cycles:
1098299
OK KEYS

+
keypair cycles:
1020923
encaps cycles:
1034306
decaps cycles:
1098657
OK KEYS

+
keypair cycles:
1020942
encaps cycles:
1034334
decaps cycles:
1098724
OK KEYS

+
keypair cycles:
1031855
encaps cycles:
1045190
decaps cycles:
1109580
OK KEYS

+
keypair cycles:
1020916
encaps cycles:
1034258
decaps cycles:
1098648
OK KEYS

+
keypair cycles:
1031884
encaps cycles:
1045223
decaps cycles:
1109613
OK KEYS

+
keypair cycles:
1020851
encaps cycles:
1034187
decaps cycles:
1098577
OK KEYS

+
keypair cycles:
1020524
encaps cycles:
1033851
decaps cycles:
1098241
OK KEYS

+
keypair cycles:
1020384
encaps cycles:
1033764
decaps cycles:
1098154
OK KEYS

+
keypair cycles:
1021098
encaps cycles:
1034482
decaps cycles:
1098872
OK KEYS

+
keypair cycles:
1019683
encaps cycles:
1033035
decaps cycles:
1097461
OK KEYS

+
keypair cycles:
1020787
encaps cycles:
1034127
decaps cycles:
1098517
OK KEYS

+
keypair cycles:
1020436
encaps cycles:
1033741
decaps cycles:
1098131
OK KEYS

+
keypair cycles:
1020568
encaps cycles:
1033905
decaps cycles:
1098295
OK KEYS

+
keypair cycles:
1020757
encaps cycles:
1034113
decaps cycles:
1098503
OK KEYS

+
keypair cycles:
1020729
encaps cycles:
1034119
decaps cycles:
1098469
OK KEYS

+
keypair cycles:
1020312
encaps cycles:
1033641
decaps cycles:
1098031
OK KEYS

+
keypair cycles:
1020876
encaps cycles:
1034217
decaps cycles:
1098607
OK KEYS

+
keypair cycles:
1021175
encaps cycles:
1034517
decaps cycles:
1098907
OK KEYS

+
keypair cycles:
1020853
encaps cycles:
1034194
decaps cycles:
1098584
OK KEYS

+
keypair cycles:
1020713
encaps cycles:
1034060
decaps cycles:
1098450
OK KEYS

+
keypair cycles:
1019532
encaps cycles:
1032865
decaps cycles:
1097255
OK KEYS

+
keypair cycles:
1020710
encaps cycles:
1034074
decaps cycles:
1098464
OK KEYS

+
keypair cycles:
1020792
encaps cycles:
1034158
decaps cycles:
1098548
OK KEYS

+
keypair cycles:
1021581
encaps cycles:
1034996
decaps cycles:
1099349
OK KEYS

+
keypair cycles:
1021510
encaps cycles:
1034886
decaps cycles:
1099276
OK KEYS

+
keypair cycles:
1021202
encaps cycles:
1034520
decaps cycles:
1098910
OK KEYS

+
keypair cycles:
1020836
encaps cycles:
1034191
decaps cycles:
1098581
OK KEYS

+
keypair cycles:
1043227
encaps cycles:
1056548
decaps cycles:
1120938
OK KEYS

+
keypair cycles:
1021035
encaps cycles:
1034346
decaps cycles:
1098736
OK KEYS

+
keypair cycles:
1021094
encaps cycles:
1034415
decaps cycles:
1098805
OK KEYS

+
keypair cycles:
1020187
encaps cycles:
1033539
decaps cycles:
1097929
OK KEYS

+
keypair cycles:
1020701
encaps cycles:
1034066
decaps cycles:
1098456
OK KEYS

+
keypair cycles:
1020464
encaps cycles:
1033823
decaps cycles:
1098252
OK KEYS

+
keypair cycles:
1020343
encaps cycles:
1033675
decaps cycles:
1098065
OK KEYS

+
keypair cycles:
1019604
encaps cycles:
1032938
decaps cycles:
1097328
OK KEYS

+
keypair cycles:
1031433
encaps cycles:
1044772
decaps cycles:
1109162
OK KEYS

+
keypair cycles:
1020835
encaps cycles:
1034192
decaps cycles:
1098582
OK KEYS

+
keypair cycles:
1020448
encaps cycles:
1033839
decaps cycles:
1098191
OK KEYS

+
keypair cycles:
1020682
encaps cycles:
1034061
decaps cycles:
1098451
OK KEYS

+
keypair cycles:
1020701
encaps cycles:
1034038
decaps cycles:
1098428
OK KEYS

+
keypair cycles:
1020870
encaps cycles:
1034240
decaps cycles:
1098630
OK KEYS

+
keypair cycles:
1021232
encaps cycles:
1034596
decaps cycles:
1098986
OK KEYS

+
keypair cycles:
1031752
encaps cycles:
1045082
decaps cycles:
1109472
OK KEYS

+
keypair cycles:
1020480
encaps cycles:
1033850
decaps cycles:
1098240
OK KEYS

+
keypair cycles:
1020823
encaps cycles:
1034193
decaps cycles:
1098583
OK KEYS

+
keypair cycles:
1020962
encaps cycles:
1034307
decaps cycles:
1098697
OK KEYS

+
keypair cycles:
1020604
encaps cycles:
1033958
decaps cycles:
1098387
OK KEYS

+
keypair cycles:
1020645
encaps cycles:
1034053
decaps cycles:
1098443
OK KEYS

+
keypair cycles:
1020839
encaps cycles:
1034229
decaps cycles:
1098619
OK KEYS

+
keypair cycles:
1020821
encaps cycles:
1034164
decaps cycles:
1098554
OK KEYS

+
keypair cycles:
1020935
encaps cycles:
1034278
decaps cycles:
1098668
OK KEYS

+
keypair cycles:
1021264
encaps cycles:
1034632
decaps cycles:
1099022
OK KEYS

+
keypair cycles:
1020624
encaps cycles:
1033941
decaps cycles:
1098331
OK KEYS

+
keypair cycles:
1020174
encaps cycles:
1033502
decaps cycles:
1097892
OK KEYS

+
keypair cycles:
1020734
encaps cycles:
1034038
decaps cycles:
1098428
OK KEYS

+
keypair cycles:
1021420
encaps cycles:
1034794
decaps cycles:
1099222
OK KEYS

+
keypair cycles:
1021100
encaps cycles:
1034449
decaps cycles:
1098839
OK KEYS

+
keypair cycles:
1021208
encaps cycles:
1034531
decaps cycles:
1098921
OK KEYS

+
keypair cycles:
1031712
encaps cycles:
1045052
decaps cycles:
1109442
OK KEYS

+
keypair cycles:
1020388
encaps cycles:
1033725
decaps cycles:
1098115
OK KEYS

+
keypair cycles:
1021085
encaps cycles:
1034458
decaps cycles:
1098809
OK KEYS

+
keypair cycles:
1020801
encaps cycles:
1034152
decaps cycles:
1098542
OK KEYS

+
keypair cycles:
1021338
encaps cycles:
1034686
decaps cycles:
1099076
OK KEYS

+
keypair cycles:
1021326
encaps cycles:
1034660
decaps cycles:
1099050
OK KEYS

+
keypair cycles:
1021216
encaps cycles:
1034574
decaps cycles:
1098964
OK KEYS

+
keypair cycles:
1020898
encaps cycles:
1034165
decaps cycles:
1098555
OK KEYS

+
keypair cycles:
1020250
encaps cycles:
1033597
decaps cycles:
1097987
OK KEYS

+
keypair cycles:
1020930
encaps cycles:
1034286
decaps cycles:
1098676
OK KEYS

+
keypair cycles:
1020465
encaps cycles:
1033854
decaps cycles:
1098244
OK KEYS

+
keypair cycles:
1020806
encaps cycles:
1034154
decaps cycles:
1098582
OK KEYS

+
keypair cycles:
1020699
encaps cycles:
1034035
decaps cycles:
1098425
OK KEYS

+
keypair cycles:
1031918
encaps cycles:
1045283
decaps cycles:
1109673
OK KEYS

+
keypair cycles:
1020731
encaps cycles:
1034067
decaps cycles:
1098457
OK KEYS

+
keypair cycles:
1020980
encaps cycles:
1034358
decaps cycles:
1098748
OK KEYS

+
keypair cycles:
1021142
encaps cycles:
1034519
decaps cycles:
1098871
OK KEYS

+
keypair cycles:
1020605
encaps cycles:
1033972
decaps cycles:
1098362
OK KEYS

+
keypair cycles:
1032587
encaps cycles:
1045933
decaps cycles:
1110323
OK KEYS

+
keypair cycles:
1020550
encaps cycles:
1033855
decaps cycles:
1098245
OK KEYS

+
keypair cycles:
1020369
encaps cycles:
1033712
decaps cycles:
1098102
OK KEYS

+
keypair cycles:
1020209
encaps cycles:
1033513
decaps cycles:
1097903
OK KEYS

+
keypair cycles:
1019946
encaps cycles:
1033281
decaps cycles:
1097671
OK KEYS

+
keypair cycles:
1020532
encaps cycles:
1033843
decaps cycles:
1098233
OK KEYS

+
keypair cycles:
1021008
encaps cycles:
1034339
decaps cycles:
1098729
OK KEYS

+
keypair cycles:
1020353
encaps cycles:
1033750
decaps cycles:
1098179
OK KEYS

+
keypair cycles:
1032151
encaps cycles:
1045478
decaps cycles:
1109868
OK KEYS

+
keypair cycles:
1020597
encaps cycles:
1033960
decaps cycles:
1098350
OK KEYS

+
keypair cycles:
1020520
encaps cycles:
1033861
decaps cycles:
1098251
OK KEYS

+
keypair cycles:
1021499
encaps cycles:
1034879
decaps cycles:
1099269
OK KEYS

+
keypair cycles:
1032522
encaps cycles:
1045848
decaps cycles:
1110238
OK KEYS

+
keypair cycles:
1020508
encaps cycles:
1033858
decaps cycles:
1098248
OK KEYS

+
keypair cycles:
1020481
encaps cycles:
1033854
decaps cycles:
1098244
OK KEYS

+
keypair cycles:
1020915
encaps cycles:
1034233
decaps cycles:
1098623
OK KEYS

+
keypair cycles:
1020589
encaps cycles:
1033952
decaps cycles:
1098380
OK KEYS

+
keypair cycles:
1021247
encaps cycles:
1034603
decaps cycles:
1098993
OK KEYS

+
keypair cycles:
1020566
encaps cycles:
1033927
decaps cycles:
1098317
OK KEYS

+
keypair cycles:
1020811
encaps cycles:
1034100
decaps cycles:
1098490
OK KEYS

+
keypair cycles:
1032764
encaps cycles:
1046094
decaps cycles:
1110484
OK KEYS

+
keypair cycles:
1020610
encaps cycles:
1033993
decaps cycles:
1098345
OK KEYS

+
keypair cycles:
1020925
encaps cycles:
1034283
decaps cycles:
1098673
OK KEYS

+
keypair cycles:
1020073
encaps cycles:
1033430
decaps cycles:
1097820
OK KEYS

+
keypair cycles:
1021260
encaps cycles:
1034572
decaps cycles:
1098962
OK KEYS

+
keypair cycles:
1031956
encaps cycles:
1045312
decaps cycles:
1109702
OK KEYS

+
keypair cycles:
1020978
encaps cycles:
1034299
decaps cycles:
1098689
OK KEYS

+
keypair cycles:
1020480
encaps cycles:
1033848
decaps cycles:
1098238
OK KEYS

+
keypair cycles:
1021172
encaps cycles:
1034533
decaps cycles:
1098923
OK KEYS

+
keypair cycles:
1020471
encaps cycles:
1033800
decaps cycles:
1098190
OK KEYS

+
keypair cycles:
1020824
encaps cycles:
1034190
decaps cycles:
1098618
OK KEYS

+
keypair cycles:
1020276
encaps cycles:
1033616
decaps cycles:
1098006
OK KEYS

+
keypair cycles:
1020531
encaps cycles:
1033889
decaps cycles:
1098279
OK KEYS

+
keypair cycles:
1020676
encaps cycles:
1034026
decaps cycles:
1098416
OK KEYS

+
keypair cycles:
1020356
encaps cycles:
1033716
decaps cycles:
1098106
OK KEYS

+
keypair cycles:
1020715
encaps cycles:
1034081
decaps cycles:
1098433
OK KEYS

+
keypair cycles:
1020410
encaps cycles:
1033728
decaps cycles:
1098118
OK KEYS

+
keypair cycles:
1021094
encaps cycles:
1034428
decaps cycles:
1098818
OK KEYS

+
keypair cycles:
1021117
encaps cycles:
1034473
decaps cycles:
1098863
OK KEYS

+
keypair cycles:
1020313
encaps cycles:
1033652
decaps cycles:
1098042
OK KEYS

+
keypair cycles:
1020687
encaps cycles:
1033972
decaps cycles:
1098362
OK KEYS

+
keypair cycles:
1021388
encaps cycles:
1034754
decaps cycles:
1099144
OK KEYS

+
keypair cycles:
1020408
encaps cycles:
1033762
decaps cycles:
1098152
OK KEYS

+
keypair cycles:
1020620
encaps cycles:
1033994
decaps cycles:
1098384
OK KEYS

+
keypair cycles:
1020465
encaps cycles:
1033828
decaps cycles:
1098257
OK KEYS

+
keypair cycles:
1020479
encaps cycles:
1033801
decaps cycles:
1098191
OK KEYS

+
keypair cycles:
1020995
encaps cycles:
1034326
decaps cycles:
1098716
OK KEYS

+
keypair cycles:
1032160
encaps cycles:
1045447
decaps cycles:
1109837
OK KEYS

+
keypair cycles:
1020649
encaps cycles:
1034004
decaps cycles:
1098394
OK KEYS

+
keypair cycles:
1020665
encaps cycles:
1033979
decaps cycles:
1098369
OK KEYS

+
keypair cycles:
1031530
encaps cycles:
1044889
decaps cycles:
1109279
OK KEYS

+
keypair cycles:
1020107
encaps cycles:
1033426
decaps cycles:
1097816
OK KEYS

+
keypair cycles:
1021300
encaps cycles:
1034643
decaps cycles:
1099033
OK KEYS

+
keypair cycles:
1020522
encaps cycles:
1033850
decaps cycles:
1098280
OK KEYS

+
keypair cycles:
1032481
encaps cycles:
1045805
decaps cycles:
1110195
OK KEYS

+
keypair cycles:
1020628
encaps cycles:
1033975
decaps cycles:
1098365
OK KEYS

+
keypair cycles:
1019833
encaps cycles:
1033173
decaps cycles:
1097563
OK KEYS

+
keypair cycles:
1020662
encaps cycles:
1034014
decaps cycles:
1098404
OK KEYS

+
keypair cycles:
1020422
encaps cycles:
1033794
decaps cycles:
1098145
OK KEYS

+
keypair cycles:
1021159
encaps cycles:
1034492
decaps cycles:
1098882
OK KEYS

+
keypair cycles:
1020979
encaps cycles:
1034324
decaps cycles:
1098714
OK KEYS

+
keypair cycles:
1021353
encaps cycles:
1034696
decaps cycles:
1099086
OK KEYS

+
keypair cycles:
1031763
encaps cycles:
1045141
decaps cycles:
1109531
OK KEYS

+
keypair cycles:
1032428
encaps cycles:
1045711
decaps cycles:
1110101
OK KEYS

+
keypair cycles:
1020322
encaps cycles:
1033653
decaps cycles:
1098043
OK KEYS

+
keypair cycles:
1020644
encaps cycles:
1034035
decaps cycles:
1098425
OK KEYS

+
keypair cycles:
1032517
encaps cycles:
1045856
decaps cycles:
1110246
OK KEYS

+
keypair cycles:
1020895
encaps cycles:
1034241
decaps cycles:
1098669
OK KEYS

+
keypair cycles:
1020291
encaps cycles:
1033641
decaps cycles:
1098031
OK KEYS

+
keypair cycles:
1020993
encaps cycles:
1034352
decaps cycles:
1098742
OK KEYS

+
keypair cycles:
1032306
encaps cycles:
1045635
decaps cycles:
1110025
OK KEYS

+
keypair cycles:
1021162
encaps cycles:
1034542
decaps cycles:
1098932
OK KEYS

+
keypair cycles:
1020003
encaps cycles:
1033434
decaps cycles:
1097785
OK KEYS

+
keypair cycles:
1020926
encaps cycles:
1034269
decaps cycles:
1098659
OK KEYS

+
keypair cycles:
1021393
encaps cycles:
1034748
decaps cycles:
1099138
OK KEYS

+
keypair cycles:
1020495
encaps cycles:
1033841
decaps cycles:
1098231
OK KEYS

+
keypair cycles:
1019965
encaps cycles:
1033250
decaps cycles:
1097640
OK KEYS

+
keypair cycles:
1020247
encaps cycles:
1033613
decaps cycles:
1098003
OK KEYS

+
keypair cycles:
1021155
encaps cycles:
1034515
decaps cycles:
1098905
OK KEYS

+
keypair cycles:
1020286
encaps cycles:
1033645
decaps cycles:
1098035
OK KEYS

+
keypair cycles:
1020816
encaps cycles:
1034171
decaps cycles:
1098561
OK KEYS

+
keypair cycles:
1020834
encaps cycles:
1034199
decaps cycles:
1098589
OK KEYS

+
keypair cycles:
1020627
encaps cycles:
1033970
decaps cycles:
1098360
OK KEYS

+
keypair cycles:
1020271
encaps cycles:
1033615
decaps cycles:
1098005
OK KEYS

+
keypair cycles:
1020181
encaps cycles:
1033522
decaps cycles:
1097912
OK KEYS

+
keypair cycles:
1020351
encaps cycles:
1033697
decaps cycles:
1098087
OK KEYS

+
keypair cycles:
1021262
encaps cycles:
1034582
decaps cycles:
1098972
OK KEYS

+
keypair cycles:
1019975
encaps cycles:
1033350
decaps cycles:
1097740
OK KEYS

+
keypair cycles:
1021143
encaps cycles:
1034464
decaps cycles:
1098854
OK KEYS

+
keypair cycles:
1019904
encaps cycles:
1033244
decaps cycles:
1097634
OK KEYS

+
keypair cycles:
1031872
encaps cycles:
1045181
decaps cycles:
1109609
OK KEYS

+
keypair cycles:
1019812
encaps cycles:
1033143
decaps cycles:
1097533
OK KEYS

+
keypair cycles:
1020466
encaps cycles:
1033821
decaps cycles:
1098211
OK KEYS

+
keypair cycles:
1031515
encaps cycles:
1044935
decaps cycles:
1109325
OK KEYS

+
keypair cycles:
1020151
encaps cycles:
1033483
decaps cycles:
1097873
OK KEYS

+
keypair cycles:
1020788
encaps cycles:
1034140
decaps cycles:
1098490
OK KEYS

+
keypair cycles:
1032581
encaps cycles:
1045917
decaps cycles:
1110307
OK KEYS

+
keypair cycles:
1020139
encaps cycles:
1033443
decaps cycles:
1097833
OK KEYS

+
keypair cycles:
1020482
encaps cycles:
1033827
decaps cycles:
1098217
OK KEYS

+
keypair cycles:
1021363
encaps cycles:
1034706
decaps cycles:
1099096
OK KEYS

+
keypair cycles:
1020960
encaps cycles:
1034263
decaps cycles:
1098653
OK KEYS

+
keypair cycles:
1020682
encaps cycles:
1034023
decaps cycles:
1098413
OK KEYS

+
keypair cycles:
1020612
encaps cycles:
1033949
decaps cycles:
1098339
OK KEYS

+
keypair cycles:
1021409
encaps cycles:
1034751
decaps cycles:
1099141
OK KEYS

+
keypair cycles:
1020093
encaps cycles:
1033457
decaps cycles:
1097885
OK KEYS

+
keypair cycles:
1020460
encaps cycles:
1033824
decaps cycles:
1098214
OK KEYS

+
keypair cycles:
1021152
encaps cycles:
1034501
decaps cycles:
1098891
OK KEYS

+
keypair cycles:
1020500
encaps cycles:
1033883
decaps cycles:
1098273
OK KEYS

+
keypair cycles:
1032048
encaps cycles:
1045409
decaps cycles:
1109799
OK KEYS

+
keypair cycles:
1020642
encaps cycles:
1034019
decaps cycles:
1098372
OK KEYS

+
keypair cycles:
1020346
encaps cycles:
1033716
decaps cycles:
1098106
OK KEYS

+
keypair cycles:
1020554
encaps cycles:
1033887
decaps cycles:
1098277
OK KEYS

+
keypair cycles:
1021545
encaps cycles:
1034873
decaps cycles:
1099263
OK KEYS

+
keypair cycles:
1032009
encaps cycles:
1045346
decaps cycles:
1109736
OK KEYS

+
keypair cycles:
1020496
encaps cycles:
1033822
decaps cycles:
1098212
OK KEYS

+
keypair cycles:
1020059
encaps cycles:
1033400
decaps cycles:
1097790
OK KEYS

+
keypair cycles:
1021447
encaps cycles:
1034764
decaps cycles:
1099154
OK KEYS

+
keypair cycles:
1020448
encaps cycles:
1033835
decaps cycles:
1098225
OK KEYS

+
keypair cycles:
1019975
encaps cycles:
1033314
decaps cycles:
1097666
OK KEYS

+
keypair cycles:
1043001
encaps cycles:
1056387
decaps cycles:
1120777
OK KEYS

+
keypair cycles:
1021279
encaps cycles:
1034571
decaps cycles:
1098961
OK KEYS

+
keypair cycles:
1021194
encaps cycles:
1034557
decaps cycles:
1098947
OK KEYS

+
keypair cycles:
1020754
encaps cycles:
1034050
decaps cycles:
1098440
OK KEYS

+
keypair cycles:
1032263
encaps cycles:
1045569
decaps cycles:
1109959
OK KEYS

+
keypair cycles:
1020235
encaps cycles:
1033605
decaps cycles:
1097995
OK KEYS

+
keypair cycles:
1031445
encaps cycles:
1044787
decaps cycles:
1109177
OK KEYS

+
keypair cycles:
1020473
encaps cycles:
1033778
decaps cycles:
1098168
OK KEYS

+
keypair cycles:
1031587
encaps cycles:
1044928
decaps cycles:
1109355
OK KEYS

+
keypair cycles:
1020912
encaps cycles:
1034227
decaps cycles:
1098617
OK KEYS

+
keypair cycles:
1020250
encaps cycles:
1033598
decaps cycles:
1097988
OK KEYS

+
keypair cycles:
1021238
encaps cycles:
1034617
decaps cycles:
1099007
OK KEYS

+
keypair cycles:
1020957
encaps cycles:
1034322
decaps cycles:
1098712
OK KEYS

+
keypair cycles:
1020874
encaps cycles:
1034253
decaps cycles:
1098603
OK KEYS

+
keypair cycles:
1031777
encaps cycles:
1045131
decaps cycles:
1109521
OK KEYS

+
keypair cycles:
1032546
encaps cycles:
1045859
decaps cycles:
1110249
OK KEYS

+
keypair cycles:
1020933
encaps cycles:
1034303
decaps cycles:
1098693
OK KEYS

+
keypair cycles:
1032625
encaps cycles:
1045991
decaps cycles:
1110381
OK KEYS

+
keypair cycles:
1020700
encaps cycles:
1034013
decaps cycles:
1098403
OK KEYS

+
keypair cycles:
1020789
encaps cycles:
1034150
decaps cycles:
1098540
OK KEYS

+
keypair cycles:
1020934
encaps cycles:
1034281
decaps cycles:
1098671
OK KEYS

+
keypair cycles:
1020129
encaps cycles:
1033460
decaps cycles:
1097850
OK KEYS

+
keypair cycles:
1021082
encaps cycles:
1034428
decaps cycles:
1098856
OK KEYS

+
keypair cycles:
1020905
encaps cycles:
1034246
decaps cycles:
1098636
OK KEYS

+
keypair cycles:
1032380
encaps cycles:
1045708
decaps cycles:
1110098
OK KEYS

+
keypair cycles:
1020921
encaps cycles:
1034254
decaps cycles:
1098644
OK KEYS

+
keypair cycles:
1020410
encaps cycles:
1033758
decaps cycles:
1098148
OK KEYS

+
keypair cycles:
1020632
encaps cycles:
1033969
decaps cycles:
1098359
OK KEYS

+
keypair cycles:
1020866
encaps cycles:
1034227
decaps cycles:
1098617
OK KEYS

+
keypair cycles:
1021699
encaps cycles:
1035072
decaps cycles:
1099462
OK KEYS

+
keypair cycles:
1021059
encaps cycles:
1034410
decaps cycles:
1098800
OK KEYS

+
keypair cycles:
1020429
encaps cycles:
1033786
decaps cycles:
1098214
OK KEYS

+
keypair cycles:
1021132
encaps cycles:
1034508
decaps cycles:
1098898
OK KEYS

+
keypair cycles:
1032328
encaps cycles:
1045686
decaps cycles:
1110076
OK KEYS

+
keypair cycles:
1020657
encaps cycles:
1033997
decaps cycles:
1098387
OK KEYS

+
keypair cycles:
1021013
encaps cycles:
1034358
decaps cycles:
1098748
OK KEYS

+
keypair cycles:
1020229
encaps cycles:
1033639
decaps cycles:
1097992
OK KEYS

+
keypair cycles:
1021363
encaps cycles:
1034695
decaps cycles:
1099085
OK KEYS

+
keypair cycles:
1020686
encaps cycles:
1034054
decaps cycles:
1098444
OK KEYS

+
keypair cycles:
1020816
encaps cycles:
1034218
decaps cycles:
1098608
OK KEYS

+
keypair cycles:
1020698
encaps cycles:
1034012
decaps cycles:
1098402
OK KEYS

+
keypair cycles:
1020977
encaps cycles:
1034278
decaps cycles:
1098668
OK KEYS

+
keypair cycles:
1019741
encaps cycles:
1033076
decaps cycles:
1097466
OK KEYS

+
keypair cycles:
1020680
encaps cycles:
1034025
decaps cycles:
1098415
OK KEYS

+
keypair cycles:
1020733
encaps cycles:
1034021
decaps cycles:
1098411
OK KEYS

+
keypair cycles:
1020995
encaps cycles:
1034338
decaps cycles:
1098766
OK KEYS

+
keypair cycles:
1020974
encaps cycles:
1034344
decaps cycles:
1098734
OK KEYS

+
keypair cycles:
1020500
encaps cycles:
1033801
decaps cycles:
1098191
OK KEYS

+
keypair cycles:
1020836
encaps cycles:
1034187
decaps cycles:
1098577
OK KEYS

+
keypair cycles:
1020509
encaps cycles:
1033850
decaps cycles:
1098240
OK KEYS

+
keypair cycles:
1020990
encaps cycles:
1034403
decaps cycles:
1098755
OK KEYS

+
keypair cycles:
1021249
encaps cycles:
1034600
decaps cycles:
1098990
OK KEYS

+
keypair cycles:
1020186
encaps cycles:
1033513
decaps cycles:
1097903
OK KEYS

+
keypair cycles:
1020666
encaps cycles:
1033989
decaps cycles:
1098379
OK KEYS

+
keypair cycles:
1021153
encaps cycles:
1034548
decaps cycles:
1098938
OK KEYS

+
keypair cycles:
1020515
encaps cycles:
1033831
decaps cycles:
1098221
OK KEYS

+
keypair cycles:
1020603
encaps cycles:
1033919
decaps cycles:
1098309
OK KEYS

+
keypair cycles:
1020863
encaps cycles:
1034198
decaps cycles:
1098588
OK KEYS

+
keypair cycles:
1020558
encaps cycles:
1033888
decaps cycles:
1098278
OK KEYS

+
keypair cycles:
1020945
encaps cycles:
1034282
decaps cycles:
1098711
OK KEYS

+
keypair cycles:
1032516
encaps cycles:
1045862
decaps cycles:
1110252
OK KEYS

+
keypair cycles:
1020773
encaps cycles:
1034137
decaps cycles:
1098527
OK KEYS

+
keypair cycles:
1021430
encaps cycles:
1034774
decaps cycles:
1099164
OK KEYS

+
keypair cycles:
1020843
encaps cycles:
1034177
decaps cycles:
1098567
OK KEYS

+
keypair cycles:
1032884
encaps cycles:
1046258
decaps cycles:
1110648
OK KEYS

+
keypair cycles:
1020503
encaps cycles:
1033843
decaps cycles:
1098233
OK KEYS

+
keypair cycles:
1031987
encaps cycles:
1045293
decaps cycles:
1109683
OK KEYS

+
keypair cycles:
1020926
encaps cycles:
1034277
decaps cycles:
1098667
OK KEYS

+
keypair cycles:
1020551
encaps cycles:
1033881
decaps cycles:
1098308
OK KEYS

+
keypair cycles:
1043083
encaps cycles:
1056467
decaps cycles:
1120857
OK KEYS

+
keypair cycles:
1032090
encaps cycles:
1045434
decaps cycles:
1109824
OK KEYS

+
keypair cycles:
1020214
encaps cycles:
1033568
decaps cycles:
1097958
OK KEYS

+
keypair cycles:
1020665
encaps cycles:
1033973
decaps cycles:
1098363
OK KEYS

+
keypair cycles:
1021244
encaps cycles:
1034625
decaps cycles:
1098977
OK KEYS

+
keypair cycles:
1020579
encaps cycles:
1033984
decaps cycles:
1098374
OK KEYS

+
keypair cycles:
1020136
encaps cycles:
1033474
decaps cycles:
1097864
OK KEYS

+
keypair cycles:
1021082
encaps cycles:
1034428
decaps cycles:
1098818
OK KEYS

+
keypair cycles:
1020905
encaps cycles:
1034256
decaps cycles:
1098646
OK KEYS

+
keypair cycles:
1020426
encaps cycles:
1033741
decaps cycles:
1098131
OK KEYS

+
keypair cycles:
1020729
encaps cycles:
1034044
decaps cycles:
1098434
OK KEYS

+
keypair cycles:
1032356
encaps cycles:
1045695
decaps cycles:
1110085
OK KEYS

+
keypair cycles:
1020546
encaps cycles:
1033877
decaps cycles:
1098267
OK KEYS

+
keypair cycles:
1032512
encaps cycles:
1045852
decaps cycles:
1110280
OK KEYS

+
keypair cycles:
1031901
encaps cycles:
1045243
decaps cycles:
1109633
OK KEYS

+
keypair cycles:
1020341
encaps cycles:
1033679
decaps cycles:
1098069
OK KEYS

+
keypair cycles:
1020982
encaps cycles:
1034319
decaps cycles:
1098709
OK KEYS

+
keypair cycles:
1021035
encaps cycles:
1034374
decaps cycles:
1098764
OK KEYS

+
keypair cycles:
1021042
encaps cycles:
1034427
decaps cycles:
1098777
OK KEYS

+
keypair cycles:
1021128
encaps cycles:
1034447
decaps cycles:
1098837
OK KEYS

+
keypair cycles:
1020643
encaps cycles:
1033966
decaps cycles:
1098356
OK KEYS

+
keypair cycles:
1020471
encaps cycles:
1033835
decaps cycles:
1098225
OK KEYS

+
keypair cycles:
1021003
encaps cycles:
1034343
decaps cycles:
1098733
OK KEYS

+
keypair cycles:
1020554
encaps cycles:
1033891
decaps cycles:
1098281
OK KEYS

+
keypair cycles:
1020968
encaps cycles:
1034332
decaps cycles:
1098722
OK KEYS

+
keypair cycles:
1020809
encaps cycles:
1034152
decaps cycles:
1098542
OK KEYS

+
keypair cycles:
1020921
encaps cycles:
1034245
decaps cycles:
1098635
OK KEYS

+
keypair cycles:
1020215
encaps cycles:
1033550
decaps cycles:
1097940
OK KEYS

+
keypair cycles:
1021310
encaps cycles:
1034651
decaps cycles:
1099041
OK KEYS

+
keypair cycles:
1042786
encaps cycles:
1056169
decaps cycles:
1120559
OK KEYS

+
keypair cycles:
1032120
encaps cycles:
1045433
decaps cycles:
1109823
OK KEYS

+
keypair cycles:
1020734
encaps cycles:
1034098
decaps cycles:
1098488
OK KEYS

+
keypair cycles:
1020815
encaps cycles:
1034120
decaps cycles:
1098510
OK KEYS

+
keypair cycles:
1020528
encaps cycles:
1033895
decaps cycles:
1098285
OK KEYS

+
keypair cycles:
1020452
encaps cycles:
1033762
decaps cycles:
1098152
OK KEYS

+
keypair cycles:
1021051
encaps cycles:
1034389
decaps cycles:
1098779
OK KEYS

+
keypair cycles:
1020571
encaps cycles:
1033899
decaps cycles:
1098327
OK KEYS

+
keypair cycles:
1020475
encaps cycles:
1033839
decaps cycles:
1098229
OK KEYS

+
keypair cycles:
1020859
encaps cycles:
1034225
decaps cycles:
1098615
OK KEYS

+
keypair cycles:
1020336
encaps cycles:
1033688
decaps cycles:
1098078
OK KEYS

+
keypair cycles:
1020883
encaps cycles:
1034248
decaps cycles:
1098638
OK KEYS

+
keypair cycles:
1032145
encaps cycles:
1045484
decaps cycles:
1109836
OK KEYS

+
keypair cycles:
1032427
encaps cycles:
1045767
decaps cycles:
1110157
OK KEYS

+
keypair cycles:
1032368
encaps cycles:
1045701
decaps cycles:
1110091
OK KEYS

+
keypair cycles:
1020666
encaps cycles:
1034018
decaps cycles:
1098408
OK KEYS

+
keypair cycles:
1031671
encaps cycles:
1045017
decaps cycles:
1109407
OK KEYS

+
keypair cycles:
1020462
encaps cycles:
1033788
decaps cycles:
1098178
OK KEYS

+
keypair cycles:
1020625
encaps cycles:
1033958
decaps cycles:
1098348
OK KEYS

+
keypair cycles:
1021002
encaps cycles:
1034396
decaps cycles:
1098786
OK KEYS

+
keypair cycles:
1021222
encaps cycles:
1034554
decaps cycles:
1098944
OK KEYS

+
keypair cycles:
1020383
encaps cycles:
1033721
decaps cycles:
1098150
OK KEYS

+
keypair cycles:
1020693
encaps cycles:
1034007
decaps cycles:
1098397
OK KEYS

+
keypair cycles:
1020849
encaps cycles:
1034226
decaps cycles:
1098616
OK KEYS

+
keypair cycles:
1032175
encaps cycles:
1045543
decaps cycles:
1109933
OK KEYS

+
keypair cycles:
1020926
encaps cycles:
1034287
decaps cycles:
1098677
OK KEYS

+
keypair cycles:
1020649
encaps cycles:
1033997
decaps cycles:
1098387
OK KEYS

+
keypair cycles:
1020730
encaps cycles:
1034056
decaps cycles:
1098446
OK KEYS

+
keypair cycles:
1020244
encaps cycles:
1033596
decaps cycles:
1097986
OK KEYS

+
keypair cycles:
1020426
encaps cycles:
1033781
decaps cycles:
1098171
OK KEYS

+
keypair cycles:
1020648
encaps cycles:
1033998
decaps cycles:
1098428
OK KEYS

+
keypair cycles:
1020482
encaps cycles:
1033806
decaps cycles:
1098196
OK KEYS

+
keypair cycles:
1020824
encaps cycles:
1034164
decaps cycles:
1098554
OK KEYS

+
keypair cycles:
1020195
encaps cycles:
1033566
decaps cycles:
1097956
OK KEYS

+
keypair cycles:
1020844
encaps cycles:
1034232
decaps cycles:
1098622
OK KEYS

+
keypair cycles:
1020535
encaps cycles:
1033932
decaps cycles:
1098285
OK KEYS

+
keypair cycles:
1020374
encaps cycles:
1033715
decaps cycles:
1098105
OK KEYS

+
keypair cycles:
1019773
encaps cycles:
1033117
decaps cycles:
1097507
OK KEYS

+
keypair cycles:
1021620
encaps cycles:
1034973
decaps cycles:
1099363
OK KEYS

+
keypair cycles:
1020983
encaps cycles:
1034331
decaps cycles:
1098721
OK KEYS

+
keypair cycles:
1020926
encaps cycles:
1034264
decaps cycles:
1098654
OK KEYS

+
keypair cycles:
1020729
encaps cycles:
1034092
decaps cycles:
1098482
OK KEYS

+
keypair cycles:
1021280
encaps cycles:
1034627
decaps cycles:
1099017
OK KEYS

+
keypair cycles:
1020816
encaps cycles:
1034148
decaps cycles:
1098538
OK KEYS

+
keypair cycles:
1020662
encaps cycles:
1034017
decaps cycles:
1098445
OK KEYS

+
keypair cycles:
1021130
encaps cycles:
1034473
decaps cycles:
1098863
OK KEYS

+
keypair cycles:
1032081
encaps cycles:
1045416
decaps cycles:
1109806
OK KEYS

+
keypair cycles:
1020895
encaps cycles:
1034225
decaps cycles:
1098615
OK KEYS

+
keypair cycles:
1020571
encaps cycles:
1033938
decaps cycles:
1098328
OK KEYS

+
keypair cycles:
1021114
encaps cycles:
1034488
decaps cycles:
1098838
OK KEYS

+
keypair cycles:
1021231
encaps cycles:
1034577
decaps cycles:
1098967
OK KEYS

+
keypair cycles:
1021520
encaps cycles:
1034872
decaps cycles:
1099262
OK KEYS

+
keypair cycles:
1020446
encaps cycles:
1033797
decaps cycles:
1098187
OK KEYS

+
keypair cycles:
1020978
encaps cycles:
1034356
decaps cycles:
1098746
OK KEYS

+
keypair cycles:
1020767
encaps cycles:
1034093
decaps cycles:
1098483
OK KEYS

+
keypair cycles:
1032256
encaps cycles:
1045606
decaps cycles:
1109996
OK KEYS

+
keypair cycles:
1021588
encaps cycles:
1034946
decaps cycles:
1099336
OK KEYS

+
keypair cycles:
1020289
encaps cycles:
1033640
decaps cycles:
1098030
OK KEYS

+
keypair cycles:
1020462
encaps cycles:
1033836
decaps cycles:
1098267
OK KEYS

+
keypair cycles:
1020840
encaps cycles:
1034175
decaps cycles:
1098565
OK KEYS

+
keypair cycles:
1020918
encaps cycles:
1034248
decaps cycles:
1098638
OK KEYS

+
keypair cycles:
1021296
encaps cycles:
1034645
decaps cycles:
1099035
OK KEYS

+
keypair cycles:
1021677
encaps cycles:
1035002
decaps cycles:
1099392
OK KEYS

+
keypair cycles:
1020274
encaps cycles:
1033597
decaps cycles:
1097987
OK KEYS

+
keypair cycles:
1021075
encaps cycles:
1034431
decaps cycles:
1098821
OK KEYS

+
keypair cycles:
1021160
encaps cycles:
1034485
decaps cycles:
1098875
OK KEYS

+
keypair cycles:
1020210
encaps cycles:
1033557
decaps cycles:
1097947
OK KEYS

+
keypair cycles:
1020845
encaps cycles:
1034172
decaps cycles:
1098600
OK KEYS

+
keypair cycles:
1020846
encaps cycles:
1034217
decaps cycles:
1098607
OK KEYS

+
keypair cycles:
1020087
encaps cycles:
1033427
decaps cycles:
1097817
OK KEYS

+
keypair cycles:
1021269
encaps cycles:
1034624
decaps cycles:
1099014
OK KEYS

+
keypair cycles:
1021138
encaps cycles:
1034481
decaps cycles:
1098871
OK KEYS

+
keypair cycles:
1020718
encaps cycles:
1034061
decaps cycles:
1098412
OK KEYS

+
keypair cycles:
1020666
encaps cycles:
1033993
decaps cycles:
1098383
OK KEYS

+
keypair cycles:
1020485
encaps cycles:
1033820
decaps cycles:
1098210
OK KEYS

+
keypair cycles:
1021267
encaps cycles:
1034565
decaps cycles:
1098955
OK KEYS

+
keypair cycles:
1021196
encaps cycles:
1034547
decaps cycles:
1098937
OK KEYS

+
keypair cycles:
1020522
encaps cycles:
1033871
decaps cycles:
1098261
OK KEYS

+
keypair cycles:
1043812
encaps cycles:
1057126
decaps cycles:
1121516
OK KEYS

+
keypair cycles:
1020954
encaps cycles:
1034315
decaps cycles:
1098705
OK KEYS

+
keypair cycles:
1032752
encaps cycles:
1046126
decaps cycles:
1110516
OK KEYS

+
keypair cycles:
1021028
encaps cycles:
1034360
decaps cycles:
1098788
OK KEYS

+
keypair cycles:
1020913
encaps cycles:
1034258
decaps cycles:
1098648
OK KEYS

+
keypair cycles:
1021621
encaps cycles:
1034978
decaps cycles:
1099368
OK KEYS

+
keypair cycles:
1020272
encaps cycles:
1033635
decaps cycles:
1098025
OK KEYS

+
keypair cycles:
1020436
encaps cycles:
1033778
decaps cycles:
1098168
OK KEYS

+
keypair cycles:
1020107
encaps cycles:
1033485
decaps cycles:
1097838
OK KEYS

+
keypair cycles:
1020898
encaps cycles:
1034257
decaps cycles:
1098647
OK KEYS

+
keypair cycles:
1032238
encaps cycles:
1045604
decaps cycles:
1109994
OK KEYS

+
keypair cycles:
1020183
encaps cycles:
1033551
decaps cycles:
1097941
OK KEYS

+
keypair cycles:
1020393
encaps cycles:
1033763
decaps cycles:
1098153
OK KEYS

+
keypair cycles:
1020606
encaps cycles:
1033937
decaps cycles:
1098327
OK KEYS

+
keypair cycles:
1020774
encaps cycles:
1034117
decaps cycles:
1098507
OK KEYS

+
keypair cycles:
1020025
encaps cycles:
1033415
decaps cycles:
1097805
OK KEYS

+
keypair cycles:
1020752
encaps cycles:
1034056
decaps cycles:
1098446
OK KEYS

+
keypair cycles:
1021420
encaps cycles:
1034815
decaps cycles:
1099245
OK KEYS

+
keypair cycles:
1020720
encaps cycles:
1034054
decaps cycles:
1098444
OK KEYS

+
keypair cycles:
1020629
encaps cycles:
1033983
decaps cycles:
1098373
OK KEYS

+
keypair cycles:
1020809
encaps cycles:
1034139
decaps cycles:
1098529
OK KEYS

+
keypair cycles:
1031853
encaps cycles:
1045192
decaps cycles:
1109582
OK KEYS

+
keypair cycles:
1020643
encaps cycles:
1034025
decaps cycles:
1098415
OK KEYS

+
keypair cycles:
1032018
encaps cycles:
1045370
decaps cycles:
1109760
OK KEYS

+
keypair cycles:
1020644
encaps cycles:
1033959
decaps cycles:
1098349
OK KEYS

+
keypair cycles:
1020605
encaps cycles:
1033928
decaps cycles:
1098318
OK KEYS

+
keypair cycles:
1019998
encaps cycles:
1033342
decaps cycles:
1097771
OK KEYS

+
keypair cycles:
1020732
encaps cycles:
1034092
decaps cycles:
1098482
OK KEYS

+
keypair cycles:
1021284
encaps cycles:
1034658
decaps cycles:
1099048
OK KEYS

+
keypair cycles:
1031749
encaps cycles:
1045118
decaps cycles:
1109508
OK KEYS

+
keypair cycles:
1020831
encaps cycles:
1034192
decaps cycles:
1098582
OK KEYS

+
keypair cycles:
1020446
encaps cycles:
1033868
decaps cycles:
1098219
OK KEYS

+
keypair cycles:
1020648
encaps cycles:
1034012
decaps cycles:
1098402
OK KEYS

+
keypair cycles:
1020532
encaps cycles:
1033866
decaps cycles:
1098256
OK KEYS

+
keypair cycles:
1020559
encaps cycles:
1033911
decaps cycles:
1098301
OK KEYS

+
keypair cycles:
1020401
encaps cycles:
1033735
decaps cycles:
1098125
OK KEYS

+
keypair cycles:
1021249
encaps cycles:
1034581
decaps cycles:
1098971
OK KEYS

+
keypair cycles:
1020721
encaps cycles:
1034056
decaps cycles:
1098446
OK KEYS

+
keypair cycles:
1031221
encaps cycles:
1044623
decaps cycles:
1109013
OK KEYS

+
keypair cycles:
1020451
encaps cycles:
1033822
decaps cycles:
1098212
OK KEYS

+
keypair cycles:
1020070
encaps cycles:
1033422
decaps cycles:
1097850
OK KEYS

+
keypair cycles:
1021298
encaps cycles:
1034659
decaps cycles:
1099049
OK KEYS

+
keypair cycles:
1020327
encaps cycles:
1033668
decaps cycles:
1098058
OK KEYS

+
keypair cycles:
1042558
encaps cycles:
1055932
decaps cycles:
1120322
OK KEYS

+
keypair cycles:
1020637
encaps cycles:
1034019
decaps cycles:
1098409
OK KEYS

+
keypair cycles:
1020860
encaps cycles:
1034224
decaps cycles:
1098575
OK KEYS

+
keypair cycles:
1031476
encaps cycles:
1044816
decaps cycles:
1109206
OK KEYS

+
keypair cycles:
1020776
encaps cycles:
1034118
decaps cycles:
1098508
OK KEYS

+
keypair cycles:
1020474
encaps cycles:
1033812
decaps cycles:
1098202
OK KEYS

+
keypair cycles:
1020841
encaps cycles:
1034186
decaps cycles:
1098576
OK KEYS

+
keypair cycles:
1019977
encaps cycles:
1033316
decaps cycles:
1097706
OK KEYS

+
keypair cycles:
1020741
encaps cycles:
1034114
decaps cycles:
1098504
OK KEYS

+
keypair cycles:
1020561
encaps cycles:
1033890
decaps cycles:
1098280
OK KEYS

+
keypair cycles:
1031754
encaps cycles:
1045090
decaps cycles:
1109480
OK KEYS

+
keypair cycles:
1020858
encaps cycles:
1034200
decaps cycles:
1098590
OK KEYS

+
keypair cycles:
1021164
encaps cycles:
1034513
decaps cycles:
1098903
OK KEYS

+
keypair cycles:
1021136
encaps cycles:
1034475
decaps cycles:
1098865
OK KEYS

+
keypair cycles:
1020887
encaps cycles:
1034206
decaps cycles:
1098596
OK KEYS

+
keypair cycles:
1019834
encaps cycles:
1033202
decaps cycles:
1097592
OK KEYS

+
keypair cycles:
1020824
encaps cycles:
1034170
decaps cycles:
1098560
OK KEYS

+
keypair cycles:
1020949
encaps cycles:
1034287
decaps cycles:
1098677
OK KEYS

+
keypair cycles:
1031947
encaps cycles:
1045265
decaps cycles:
1109655
OK KEYS

+
keypair cycles:
1020470
encaps cycles:
1033805
decaps cycles:
1098195
OK KEYS

+
keypair cycles:
1020684
encaps cycles:
1034027
decaps cycles:
1098455
OK KEYS

+
keypair cycles:
1019691
encaps cycles:
1033037
decaps cycles:
1097427
OK KEYS

+
keypair cycles:
1020842
encaps cycles:
1034213
decaps cycles:
1098603
OK KEYS

+
keypair cycles:
1020562
encaps cycles:
1033945
decaps cycles:
1098335
OK KEYS

+
keypair cycles:
1021294
encaps cycles:
1034635
decaps cycles:
1099025
OK KEYS

+
keypair cycles:
1020645
encaps cycles:
1034041
decaps cycles:
1098393
OK KEYS

+
keypair cycles:
1031628
encaps cycles:
1044985
decaps cycles:
1109375
OK KEYS

+
keypair cycles:
1020489
encaps cycles:
1033872
decaps cycles:
1098262
OK KEYS

+
keypair cycles:
1019244
encaps cycles:
1032584
decaps cycles:
1096974
OK KEYS

+
keypair cycles:
1021236
encaps cycles:
1034570
decaps cycles:
1098960
OK KEYS

+
keypair cycles:
1020603
encaps cycles:
1033898
decaps cycles:
1098288
OK KEYS

+
keypair cycles:
1020622
encaps cycles:
1034003
decaps cycles:
1098393
OK KEYS

+
keypair cycles:
1021546
encaps cycles:
1034896
decaps cycles:
1099286
OK KEYS

+
keypair cycles:
1021394
encaps cycles:
1034736
decaps cycles:
1099126
OK KEYS

+
keypair cycles:
1021445
encaps cycles:
1034769
decaps cycles:
1099198
OK KEYS

+
keypair cycles:
1021441
encaps cycles:
1034768
decaps cycles:
1099158
OK KEYS

+
keypair cycles:
1020663
encaps cycles:
1034048
decaps cycles:
1098438
OK KEYS

+
keypair cycles:
1020973
encaps cycles:
1034286
decaps cycles:
1098676
OK KEYS

+
keypair cycles:
1021206
encaps cycles:
1034527
decaps cycles:
1098917
OK KEYS

+
keypair cycles:
1021224
encaps cycles:
1034621
decaps cycles:
1098974
OK KEYS

+
keypair cycles:
1020836
encaps cycles:
1034203
decaps cycles:
1098593
OK KEYS

+
keypair cycles:
1032275
encaps cycles:
1045606
decaps cycles:
1109996
OK KEYS

+
keypair cycles:
1020248
encaps cycles:
1033610
decaps cycles:
1098000
OK KEYS

+
keypair cycles:
1020718
encaps cycles:
1034036
decaps cycles:
1098426
OK KEYS

+
keypair cycles:
1020657
encaps cycles:
1034021
decaps cycles:
1098411
OK KEYS

+
keypair cycles:
1021345
encaps cycles:
1034647
decaps cycles:
1099037
OK KEYS

+
keypair cycles:
1031700
encaps cycles:
1045030
decaps cycles:
1109420
OK KEYS

+
keypair cycles:
1020893
encaps cycles:
1034233
decaps cycles:
1098623
OK KEYS

+
keypair cycles:
1021188
encaps cycles:
1034621
decaps cycles:
1098971
OK KEYS

+
keypair cycles:
1020656
encaps cycles:
1034016
decaps cycles:
1098406
OK KEYS

+
keypair cycles:
1019942
encaps cycles:
1033259
decaps cycles:
1097649
OK KEYS

+
keypair cycles:
1020784
encaps cycles:
1034125
decaps cycles:
1098515
OK KEYS

+
keypair cycles:
1020468
encaps cycles:
1033810
decaps cycles:
1098200
OK KEYS

+
keypair cycles:
1020478
encaps cycles:
1033795
decaps cycles:
1098185
OK KEYS

+
keypair cycles:
1021210
encaps cycles:
1034518
decaps cycles:
1098908
OK KEYS

+
keypair cycles:
1031918
encaps cycles:
1045274
decaps cycles:
1109664
OK KEYS

+
keypair cycles:
1021163
encaps cycles:
1034483
decaps cycles:
1098873
OK KEYS

+
keypair cycles:
1020263
encaps cycles:
1033645
decaps cycles:
1098073
OK KEYS

+
keypair cycles:
1020779
encaps cycles:
1034150
decaps cycles:
1098540
OK KEYS

+
keypair cycles:
1020728
encaps cycles:
1034056
decaps cycles:
1098446
OK KEYS

+
keypair cycles:
1020714
encaps cycles:
1034062
decaps cycles:
1098452
OK KEYS

+
keypair cycles:
1020860
encaps cycles:
1034166
decaps cycles:
1098556
OK KEYS

+
keypair cycles:
1020700
encaps cycles:
1034105
decaps cycles:
1098457
OK KEYS

+
keypair cycles:
1021162
encaps cycles:
1034513
decaps cycles:
1098903
OK KEYS

+
keypair cycles:
1020190
encaps cycles:
1033551
decaps cycles:
1097941
OK KEYS

+
keypair cycles:
1020481
encaps cycles:
1033836
decaps cycles:
1098226
OK KEYS

+
keypair cycles:
1020623
encaps cycles:
1033971
decaps cycles:
1098361
OK KEYS

+
keypair cycles:
1020404
encaps cycles:
1033726
decaps cycles:
1098116
OK KEYS

+
keypair cycles:
1020871
encaps cycles:
1034231
decaps cycles:
1098621
OK KEYS

+
keypair cycles:
1020572
encaps cycles:
1033913
decaps cycles:
1098303
OK KEYS

+
keypair cycles:
1020043
encaps cycles:
1033382
decaps cycles:
1097772
OK KEYS

+
keypair cycles:
1021226
encaps cycles:
1034571
decaps cycles:
1098999
OK KEYS

+
keypair cycles:
1020518
encaps cycles:
1033856
decaps cycles:
1098246
OK KEYS

+
keypair cycles:
1032543
encaps cycles:
1045924
decaps cycles:
1110314
OK KEYS

+
keypair cycles:
1020973
encaps cycles:
1034314
decaps cycles:
1098704
OK KEYS

+
keypair cycles:
1031816
encaps cycles:
1045173
decaps cycles:
1109563
OK KEYS

+
keypair cycles:
1020698
encaps cycles:
1034106
decaps cycles:
1098456
OK KEYS

+
keypair cycles:
1021249
encaps cycles:
1034604
decaps cycles:
1098994
OK KEYS

+
keypair cycles:
1032671
encaps cycles:
1046001
decaps cycles:
1110391
OK KEYS

+
keypair cycles:
1020673
encaps cycles:
1033988
decaps cycles:
1098378
OK KEYS

+
keypair cycles:
1020927
encaps cycles:
1034257
decaps cycles:
1098647
OK KEYS

+
keypair cycles:
1020690
encaps cycles:
1034060
decaps cycles:
1098450
OK KEYS

+
keypair cycles:
1032502
encaps cycles:
1045847
decaps cycles:
1110237
OK KEYS

+
keypair cycles:
1019964
encaps cycles:
1033314
decaps cycles:
1097704
OK KEYS

+
keypair cycles:
1020664
encaps cycles:
1034021
decaps cycles:
1098411
OK KEYS

+
keypair cycles:
1020595
encaps cycles:
1033995
decaps cycles:
1098348
OK KEYS

+
keypair cycles:
1019966
encaps cycles:
1033355
decaps cycles:
1097745
OK KEYS

+
keypair cycles:
1032693
encaps cycles:
1046050
decaps cycles:
1110440
OK KEYS

+
keypair cycles:
1020391
encaps cycles:
1033726
decaps cycles:
1098116
OK KEYS

+
keypair cycles:
1020947
encaps cycles:
1034318
decaps cycles:
1098708
OK KEYS

+
keypair cycles:
1020932
encaps cycles:
1034243
decaps cycles:
1098633
OK KEYS

+
keypair cycles:
1019592
encaps cycles:
1032916
decaps cycles:
1097306
OK KEYS

+
keypair cycles:
1031965
encaps cycles:
1045313
decaps cycles:
1109703
OK KEYS

+
keypair cycles:
1031886
encaps cycles:
1045265
decaps cycles:
1109655
OK KEYS

+
keypair cycles:
1031728
encaps cycles:
1045063
decaps cycles:
1109492
OK KEYS

+
keypair cycles:
1020839
encaps cycles:
1034189
decaps cycles:
1098579
OK KEYS

+
keypair cycles:
1020092
encaps cycles:
1033445
decaps cycles:
1097835
OK KEYS

+
keypair cycles:
1020934
encaps cycles:
1034237
decaps cycles:
1098627
OK KEYS

+
keypair cycles:
1032619
encaps cycles:
1045984
decaps cycles:
1110374
OK KEYS

+
keypair cycles:
1020602
encaps cycles:
1033999
decaps cycles:
1098352
OK KEYS

+
keypair cycles:
1020964
encaps cycles:
1034305
decaps cycles:
1098695
OK KEYS

+
keypair cycles:
1031683
encaps cycles:
1045055
decaps cycles:
1109445
OK KEYS

+
keypair cycles:
1020980
encaps cycles:
1034336
decaps cycles:
1098726
OK KEYS

+
keypair cycles:
1020753
encaps cycles:
1034115
decaps cycles:
1098505
OK KEYS

+
keypair cycles:
1020393
encaps cycles:
1033695
decaps cycles:
1098085
OK KEYS

+
keypair cycles:
1020557
encaps cycles:
1033902
decaps cycles:
1098292
OK KEYS

+
keypair cycles:
1021855
encaps cycles:
1035193
decaps cycles:
1099583
OK KEYS

+
keypair cycles:
1032188
encaps cycles:
1045519
decaps cycles:
1109909
OK KEYS

+
keypair cycles:
1020258
encaps cycles:
1033611
decaps cycles:
1098039
OK KEYS

+
keypair cycles:
1021172
encaps cycles:
1034572
decaps cycles:
1098962
OK KEYS

+
keypair cycles:
1020992
encaps cycles:
1034313
decaps cycles:
1098703
OK KEYS

+
keypair cycles:
1031893
encaps cycles:
1045241
decaps cycles:
1109631
OK KEYS

+
keypair cycles:
1020678
encaps cycles:
1033986
decaps cycles:
1098376
OK KEYS

+
keypair cycles:
1020531
encaps cycles:
1033866
decaps cycles:
1098256
OK KEYS

+
keypair cycles:
1020624
encaps cycles:
1033949
decaps cycles:
1098339
OK KEYS

+
#
